# -*- coding: utf-8 -*-

# Resource object code
#
# Created by: The Resource Compiler for PyQt5 (Qt v5.15.2)
#
# WARNING! All changes made in this file will be lost!

from PyQt5 import QtCore

qt_resource_data = b"\
\x00\x00\x07\x3d\
\x89\
\x50\x4e\x47\x0d\x0a\x1a\x0a\x00\x00\x00\x0d\x49\x48\x44\x52\x00\
\x00\x00\x1d\x00\x00\x00\x20\x08\x06\x00\x00\x00\xee\x77\x73\x7c\
\x00\x00\x00\x20\x63\x48\x52\x4d\x00\x00\x7a\x26\x00\x00\x80\x84\
\x00\x00\xfa\x00\x00\x00\x80\xe8\x00\x00\x75\x30\x00\x00\xea\x60\
\x00\x00\x3a\x98\x00\x00\x17\x70\x9c\xba\x51\x3c\x00\x00\x00\x06\
\x62\x4b\x47\x44\x00\xff\x00\xff\x00\xff\xa0\xbd\xa7\x93\x00\x00\
\x06\x30\x49\x44\x41\x54\x48\xc7\xa5\x97\x7f\x6c\x9d\x55\x19\xc7\
\x3f\xcf\x73\xde\xdb\x7b\x7b\xdb\xdb\xae\xed\x6d\xd7\xb2\x72\xdb\
\xf5\x32\xc6\xd6\x40\xb3\x36\x2d\x4e\xe6\xb6\x30\x3b\x64\x0c\x23\
\x8a\x09\x99\x04\x83\x41\x17\x83\x44\x13\x40\x8d\xc4\x40\xf4\x0f\
\x7f\xc4\xc0\x1f\x1a\x4d\x41\x4d\xd0\x7f\x24\x68\x9c\x09\x26\x12\
\x57\xd0\x04\x43\x94\x59\xd6\x29\x1d\x66\x60\x4b\xb7\x51\xbb\x61\
\xe9\xba\x75\xed\xfd\xf1\x9e\xe3\x1f\xef\xfb\xde\xde\xde\xde\x0e\
\x93\x3d\xc9\xfd\xeb\x3c\xef\xf9\x3c\xbf\xee\x39\xdf\x23\xac\x63\
\xd7\xde\x74\x2b\x22\x02\xc0\x97\x8f\x1f\xe5\xe7\x8f\xbc\xd0\x2d\
\x5e\x62\x97\xd4\xa6\xf6\x6a\xa2\xb1\x5f\x12\xa9\x8c\x78\x35\x0d\
\x80\xe2\xec\x12\xf0\x2e\x30\x0e\x8c\x02\x47\x73\x8e\xb7\xe3\xc1\
\xe7\xbc\xfe\x50\xfb\xaa\xbd\xa5\x1a\x30\xd3\xb7\x2f\x5a\xae\x41\
\x75\x50\x6a\x92\x9f\x96\x58\x62\xbf\x88\xf6\x20\x1a\x17\x2f\x8e\
\xd6\xb7\xe0\xb5\x5d\x47\x6c\xd3\x8d\x78\xcd\x19\x30\x31\x70\x16\
\xa0\x00\xfc\x1b\x38\x02\xfc\x02\x98\x88\xf6\x8d\xe0\xb2\x3e\x90\
\x6d\xc0\x23\xc0\x5d\x40\x13\xce\x95\x79\x39\x70\x0e\x44\xd0\xda\
\x46\x62\x9d\x7d\x24\xb6\x0f\xe3\xb5\x5d\x07\x22\x94\xf9\x4e\x02\
\x3f\x06\x7e\x0a\xcc\x47\x60\x59\x0b\x74\x80\xdc\x0e\xfc\x00\xd8\
\xce\x07\x99\x73\x80\x43\x93\x1b\x48\x6c\xdf\x4f\x62\xfb\x7e\x24\
\x91\x8a\xb2\x06\xf0\x81\xdf\x03\x8f\x01\xff\x04\x30\xe5\xc0\x20\
\x02\xb9\x13\x18\x01\xb2\x1f\x08\x84\x20\x33\x11\x5c\x61\x99\xc2\
\xcc\x49\xfc\xf9\xb3\x78\xe9\x6e\xb4\xb6\x31\x4c\x00\x05\xb6\x02\
\xbb\x81\x7f\x6d\xea\xac\x9f\x2c\x41\x1b\xdb\x7b\x00\x6e\x0e\x4b\
\x91\xf9\xbf\x80\x95\x70\xc0\x9f\x3f\x4b\x71\xf6\x94\xf3\x9a\x33\
\x98\xfa\x16\x09\x63\x42\x84\x36\x11\xf6\x2e\x2e\x16\xce\x79\x65\
\x7d\x6c\x05\xbe\x03\x6c\x5e\xa7\x8e\x41\x29\xd5\x04\xa3\x60\x8b\
\x21\xa8\x62\x2c\x44\x29\x9c\x7b\x4b\x92\xef\x8f\xb9\xcc\xae\x81\
\xd2\x3f\x20\xec\x44\x17\xb8\x2f\x7a\x91\x2b\xf0\x00\xb0\x67\xdd\
\xbe\xc5\x6a\xa1\x63\x07\xd2\xba\x2d\x00\xbf\x3f\x89\x3b\xf3\xb7\
\x22\xb9\x0b\x5e\x39\xd8\x59\x4b\xfd\x35\xdd\x2e\x3b\xfc\x71\x52\
\xe9\x44\x58\xe1\x92\xcd\x88\xf2\x6d\x2f\xcc\xf2\x7a\xe0\x0b\x61\
\xfd\xd7\x66\x18\x4f\x21\xbd\x77\x23\x9b\x06\xc1\x8b\x05\xd1\x77\
\x0e\xbd\x6a\xfd\xdc\x88\x9b\xfc\xf3\x61\x44\x76\x46\xbe\x26\x9e\
\x20\x7b\xf0\x5e\x52\x9d\x5d\xb2\x32\x4b\x00\x14\x81\xa7\x9c\xcf\
\x51\x2f\xcc\xf2\x10\xd0\x5d\xbd\x57\x06\xb9\xfe\x00\x92\xd9\x89\
\x88\x44\xe5\x3a\x8e\xca\x03\x2c\xcd\x4f\x20\x7a\x0c\xf8\x25\xb0\
\xc3\x59\xc7\x35\x1f\xfa\xa8\x6b\x1f\xdc\x5d\x09\x04\xf8\x03\xf0\
\x0c\x60\x15\xe8\x04\x3e\x59\xbd\xac\x16\x49\x6f\x45\xbb\x6f\x41\
\xd5\xa0\xaa\x88\xea\x82\xa8\xf9\xa6\xb3\x76\x42\x9a\xba\x01\xde\
\x00\x1e\x75\xd6\x9e\x6f\xe8\xda\x42\xf6\x8e\x43\x62\x62\x35\x95\
\x3b\x4d\x03\x4f\x00\xf3\x4f\x0f\x0a\x0a\xec\x0b\xcb\xbb\xd6\xd4\
\x43\xbb\x6e\x41\xe3\x0d\x21\xd0\xa0\x6a\x5e\x54\xd5\x3f\xaa\x7a\
\x4c\x3d\xf7\x95\xc8\xf3\xe5\x9a\x54\xe3\x8f\xb2\x77\x1c\x9a\x4f\
\xb6\xb5\x5f\x76\x8e\x02\x10\xe5\x9a\x07\xbe\x07\x8c\x45\xce\x1e\
\x70\x1b\xb0\x26\x34\x9c\x43\xea\xd2\x68\xdb\x0d\x88\x2a\x02\x88\
\x48\x11\xe1\x88\xf5\xfd\xdc\xdb\x8f\x77\x05\x29\x8c\x8f\x92\xe9\
\xdb\x67\xb3\x07\xef\x7d\xb2\xf5\xc6\xa1\x17\x9c\x23\x05\xd4\x03\
\x29\xa0\x01\xc8\x01\xbf\x06\xdc\xd3\x83\x52\x82\xee\xa8\x9a\x25\
\x16\xd9\x70\x2d\x9a\x6c\x46\x54\x10\x51\x10\x99\x03\x8e\xe3\xbc\
\x55\x9e\xd3\xe3\xa3\x64\x0f\x7e\xe6\x92\x5f\xc8\x8f\x99\x44\x6d\
\xd5\xdd\x22\x20\x80\x64\xfa\xf6\x5d\x08\x23\x5a\xd3\x4f\xaf\xf7\
\x13\xc4\xfa\xee\x01\x5c\x38\x44\xfa\x26\xb0\xf7\xe4\x57\x5b\x67\
\xb9\x0a\xf3\x80\x64\xf5\x25\x09\xb2\x34\x1e\xe2\x2c\xe1\xd1\x92\
\x07\x29\x5c\x0d\x30\x82\xda\xaa\x2b\x22\x48\x2c\x81\xaa\x01\x27\
\xd1\xdf\x25\x81\x48\xfc\x6a\xa1\x0a\x2c\x54\x5f\x72\x88\x73\xc1\
\xc4\x9a\xe0\x27\xc6\xb4\xa8\x9a\xd6\xfe\x9f\xf8\x57\x9d\xe9\x3b\
\x40\x7a\x2d\xd3\xe1\xf2\x17\x51\x55\xa0\x94\xe9\x06\x44\xfa\x10\
\x4e\x54\xba\x6f\xde\xb6\xab\x4a\x4a\x86\xe4\xee\x2f\x91\xdc\x73\
\x37\xaf\xdd\x23\xab\xa0\xc7\x80\x81\xaa\xd0\x85\x99\xf0\x86\x30\
\x51\x4f\x8d\x88\x1e\xc0\xb9\x5f\xf5\x8f\xd8\xc2\xd8\x61\x2d\x07\
\xde\x00\xdc\xc9\xca\x41\xec\xf0\x8b\xce\xff\xef\xd4\xac\x18\x9e\
\x1f\x18\xb1\xcb\x7f\x0f\xfd\x3d\xe0\x28\x70\x1f\xb0\x7a\xd6\x45\
\xf0\xe7\xa6\x90\xfc\x22\x9a\x6c\x02\x21\x3c\x02\x65\x58\x44\x86\
\x80\xbf\x94\x01\x63\xc0\xa3\xc0\xe7\x56\x82\xb6\x98\x74\x0f\x89\
\xbe\xbb\x96\xfc\x79\x54\xe0\xd9\xfe\x11\xcb\xd8\x61\x45\x81\x57\
\x80\x93\x6b\x32\x15\xc5\x5e\x38\x8b\xff\xde\x29\xc4\x78\xc1\x89\
\x24\x8a\x88\xb4\x00\x5f\x07\x9a\xfa\x7f\x38\x07\xc5\x1c\xc0\x01\
\xe0\x53\x2b\x40\x1f\x4d\x6d\x24\xb9\xe7\x21\x4c\x6b\xb6\x16\xeb\
\x1e\x73\xd0\x1b\x95\x40\x81\x59\xe0\x37\x54\x5e\x42\x80\x2b\x2c\
\x91\x3b\x35\x0a\x7e\x9e\x8a\x7b\xf3\x76\xe0\x5b\xf8\x4b\x4d\xae\
\x98\xff\x08\xce\x7d\x1f\x5c\x23\xce\x82\xf5\x31\x2d\x59\xea\x86\
\xbf\x46\xac\x6b\x28\xd2\x4b\x5b\x80\xc7\x81\xfa\x81\x11\x8b\x09\
\x15\xc3\x99\x70\xa3\xd5\x03\x25\x82\x5d\x98\xc5\x6b\xce\xe0\xa5\
\xbb\xcb\xc3\x52\x60\x00\xdf\x7e\xd8\x2e\xfc\xe7\x7e\x97\xbb\x98\
\xc5\x78\x98\x54\x3b\xf1\x6d\xb7\x91\xdc\xfd\x20\x5e\x47\x2f\xab\
\xc5\x1c\x5b\x80\xf3\xc0\x6b\x02\x25\xe5\xf0\x20\xf0\x54\xd8\x9f\
\xb2\x74\x2d\xa6\xa9\x8b\x86\xfd\xdf\xc0\x6b\xdb\x02\x76\x75\x41\
\x5c\xfe\x32\xf6\xe2\x39\x5c\x31\x87\xd6\x35\xa3\x75\x69\x50\xad\
\x04\x46\x76\x1a\x91\xfb\x0c\x94\xf4\xd1\x9b\x04\x02\xaa\xb7\x32\
\x5b\xb7\x34\x4f\xf1\xfc\x29\xbc\x96\x1e\x4c\xaa\xad\xa4\x87\x00\
\xc4\xd4\xa0\x75\x4d\x68\x7d\x1a\x89\xd7\xb1\xae\x89\x80\xf3\x1b\
\x5d\xee\x92\x35\x00\x17\x66\x27\x69\x6c\xef\xc9\x03\xaf\x03\x3b\
\x81\x4d\x6b\xca\xbc\xf8\x1e\x85\x33\x63\x20\x8a\x69\xe8\x40\x62\
\xb5\x21\xdc\x71\x45\x0b\x55\x99\xbf\x30\xe3\x0a\x67\x8e\xff\xae\
\x30\x33\xf1\x44\x49\x0d\x36\x6c\xdc\x8c\x04\xb7\xc8\x18\x30\x04\
\xb4\x57\x7e\xec\x72\x17\xc9\x9f\x1e\xa3\xf0\xee\x38\xe4\x2f\xa3\
\x35\x49\xa4\x26\x89\x18\x0f\x74\x45\xf6\x45\x82\xcd\xf9\x79\xfc\
\xb9\x77\x58\x3e\xf9\xe2\xf2\xf2\x3f\x8e\x3c\xb3\xf8\xea\xcf\x1e\
\xae\xbb\xf9\xb3\xa7\xab\x88\x6d\x00\x6e\x0a\xfb\x7b\x6b\xd5\xe8\
\x9d\x05\x51\x34\xd9\x8c\xd7\xd2\x83\x97\xce\xa2\x0d\x1d\x68\xbc\
\x3e\x0c\xee\x12\xfe\xc2\x0c\xc5\xf3\x6f\x51\x9c\x9b\x9a\xb2\x97\
\x66\xbf\x9b\x9f\x3e\xf6\x6c\x7c\xeb\xf0\xf2\xcc\x5f\x7f\x7b\xc5\
\x67\x45\x07\xf0\x30\x70\x3f\xd0\x5c\x1d\xee\x56\x94\xbc\x2a\x88\
\x59\x09\xca\xfa\x0b\x38\x77\xc4\x61\x9f\xf4\x52\x6d\xe3\xfe\xe2\
\x1c\xd3\x27\x5e\x0e\x8a\x56\x6d\xaf\x32\xb0\x01\x76\x01\x9f\x27\
\x90\x35\x1b\xd7\xfb\x26\x34\x1f\x98\x01\x5e\x22\x78\x3c\xbd\x42\
\xa0\x1c\x98\x1e\x1f\x5d\xe9\xd4\x95\x66\xa0\x0c\x5e\x43\xa0\x30\
\x3e\x46\xf0\x3c\xd8\x0a\xb4\x10\x1c\xa3\x39\x82\x03\x66\x02\xf8\
\x13\xc1\x53\xf1\x0d\x82\xd7\x1b\xce\x39\x4e\x9f\x78\x69\xd5\xbe\
\xff\x03\x52\x35\x03\x92\xbc\xc4\xfe\xea\x00\x00\x00\x25\x74\x45\
\x58\x74\x64\x61\x74\x65\x3a\x63\x72\x65\x61\x74\x65\x00\x32\x30\
\x32\x35\x2d\x30\x38\x2d\x31\x39\x54\x31\x30\x3a\x33\x36\x3a\x33\
\x34\x2b\x30\x30\x3a\x30\x30\x67\x5a\x9d\xea\x00\x00\x00\x25\x74\
\x45\x58\x74\x64\x61\x74\x65\x3a\x6d\x6f\x64\x69\x66\x79\x00\x32\
\x30\x32\x35\x2d\x30\x38\x2d\x31\x39\x54\x31\x30\x3a\x33\x36\x3a\
\x33\x34\x2b\x30\x30\x3a\x30\x30\x16\x07\x25\x56\x00\x00\x00\x28\
\x74\x45\x58\x74\x64\x61\x74\x65\x3a\x74\x69\x6d\x65\x73\x74\x61\
\x6d\x70\x00\x32\x30\x32\x35\x2d\x30\x38\x2d\x31\x39\x54\x31\x30\
\x3a\x33\x36\x3a\x33\x34\x2b\x30\x30\x3a\x30\x30\x41\x12\x04\x89\
\x00\x00\x00\x00\x49\x45\x4e\x44\xae\x42\x60\x82\
\x00\x00\x65\xfd\
\x89\
\x50\x4e\x47\x0d\x0a\x1a\x0a\x00\x00\x00\x0d\x49\x48\x44\x52\x00\
\x00\x02\x00\x00\x00\x02\x00\x08\x06\x00\x00\x00\xf4\x78\xd4\xfa\
\x00\x00\x00\x09\x70\x48\x59\x73\x00\x00\x0e\xc3\x00\x00\x0e\xc3\
\x01\xc7\x6f\xa8\x64\x00\x00\x00\x19\x74\x45\x58\x74\x53\x6f\x66\
\x74\x77\x61\x72\x65\x00\x77\x77\x77\x2e\x69\x6e\x6b\x73\x63\x61\
\x70\x65\x2e\x6f\x72\x67\x9b\xee\x3c\x1a\x00\x00\x20\x00\x49\x44\
\x41\x54\x78\x9c\xec\xdd\x77\x7c\x55\xe5\xfd\x07\xf0\xcf\x73\xee\
\xcd\x1e\x24\xac\x30\x43\x90\xbd\x54\x08\x43\xc8\x04\x05\x64\x49\
\xc5\xd1\xba\xad\x56\xdb\xda\xda\xda\xbd\xfc\xb5\xa8\xd5\x5a\x6b\
\x1d\x6d\xad\xdb\x5a\x07\x5a\xdc\x02\x01\x5c\x84\x10\x40\x14\x94\
\x8d\xb2\x13\x64\x84\x40\xf6\xbc\xe3\x3c\xbf\x3f\x42\x42\x42\x76\
\xee\x39\xf7\x39\xf7\xdc\xcf\xfb\xf5\xf2\xf5\x32\xe7\x9c\xfb\xbd\
\x1f\x02\xb9\xdf\x6f\x9e\x73\xef\x39\x02\x44\x64\x69\x63\x96\x8e\
\x09\x8d\x8d\x48\xe8\xe5\x84\x3b\x01\xc2\xd9\x4b\x17\xde\x6e\x42\
\x8a\x38\x40\xc6\x43\x20\x4e\x00\x71\x52\x88\x38\x48\x44\x01\x88\
\x00\x10\x0d\x20\x44\x48\x74\xd3\x05\x9c\x02\xe8\x76\x4e\xc9\x68\
\x00\x21\xe7\x6c\x73\x03\xa8\x68\xbc\x41\x02\xa5\x9a\x84\x47\x0a\
\x94\x0a\x01\x97\x94\xa8\x04\x50\x0d\x81\x4a\x21\x65\x89\x04\x4a\
\x20\x51\x02\x88\x62\x29\x64\x89\x14\x28\x71\x02\x85\x6e\xaf\xf3\
\x64\x59\x75\x41\xe1\xae\xab\x77\xb9\xcc\xfa\x9e\x10\x91\xef\x84\
\xea\x00\x44\x41\x4b\x42\xa4\xad\x4e\xeb\x03\x37\x06\x4a\x68\xfd\
\xa1\xc9\x44\x48\x6d\x20\x34\xd9\x5f\x4a\xf4\x13\x40\x2f\x00\x09\
\x00\xba\xab\x8e\xda\x45\x45\x00\x0a\x24\x50\x28\x04\x8e\x41\x17\
\x47\x21\x64\x3e\x74\x1c\xd1\x9d\xf8\xc6\x21\xf4\x6f\xd6\xcd\x5e\
\x77\x02\x02\x52\x75\x50\xa2\x60\xc4\x01\x80\xc8\x44\xc9\x9b\x93\
\x43\x22\x0a\x22\x06\x4b\x4d\x1b\xaa\x79\xc5\x10\x29\x30\x54\x48\
\x0c\x95\x02\x43\x01\x24\x01\x08\x55\x1c\x51\x35\x17\x80\x43\x42\
\xe2\x80\x14\xd8\x2f\x24\xf6\xeb\x1a\xf6\x3b\xbc\x72\x7f\x65\xdf\
\xca\xc3\x5b\x26\x6e\x71\xab\x0e\x48\x64\x57\x1c\x00\x88\x0c\x90\
\xbc\x39\x39\x24\xe2\x44\xc4\x40\x68\x8e\x31\xd0\xe5\x68\x08\x31\
\x06\xc0\x68\x00\x63\x00\x84\x2b\x8e\x17\xa8\x3c\x00\xf2\x01\xec\
\x86\x10\xbb\x00\x7d\x37\x74\xc7\xae\x6a\x59\xb6\x67\xcb\x82\x2d\
\x55\xaa\xc3\x11\x05\x3a\x0e\x00\x44\x9d\x94\xf2\x5e\x4a\x8c\x08\
\x0d\xb9\x00\x5e\x39\x1a\x02\x63\x00\x99\x0c\x88\x89\x00\xc2\x54\
\x67\x0b\x12\x1e\x00\x7b\x01\x6c\x81\x94\xbb\xa0\x89\xdd\x4e\xaf\
\xd8\x98\xbd\x20\xfb\x94\xea\x60\x44\x81\x84\x03\x00\x51\x1b\x32\
\xd7\x64\x86\xbb\x2a\xe4\x78\x4d\x93\x93\x01\x31\x05\xc0\x64\x00\
\xe7\x81\x3f\x3b\x56\x23\xcf\x9c\x46\xf8\x1c\x90\x9b\xa4\xd0\x36\
\xc5\x22\xe2\xcb\x95\x73\x57\xd6\xaa\x0e\x46\x64\x55\x7c\x11\x23\
\x6a\x24\xe5\xbd\x94\x7e\x9a\x23\x24\x1d\xd0\x53\xa4\x10\x93\x01\
\x8c\x47\xf3\x77\xcc\x53\x60\x70\x01\xf2\x4b\x29\xc4\x67\x80\x5c\
\xaf\x69\x32\x67\xdd\xa5\xeb\x8e\xab\x0e\x45\x64\x15\x1c\x00\x28\
\xa8\xa5\xbc\x97\xd2\x4f\x38\x9c\x29\xd0\x70\x09\x24\x52\x01\x8c\
\x02\x7f\x2e\xec\xec\x38\x04\x72\xa1\xe3\x23\xe9\xd4\xd6\xaf\xbf\
\x74\xcd\x2e\xd5\x81\x88\x54\xe1\x0b\x1d\x05\x95\xc9\x6f\x5f\xdc\
\x23\x34\xd4\x33\x03\x1a\x2e\x91\x12\xb3\x44\xdd\x3b\xf1\x29\x78\
\xd5\x0d\x04\x90\xcb\x5d\x35\x21\x2b\x3e\x5b\xf4\xf1\x69\xd5\x81\
\x88\xfc\x85\x03\x00\xd9\x5a\xf2\xe6\xe4\x90\xf0\x13\xd1\xa9\x42\
\xc8\x59\x80\x98\x89\xba\x25\x7d\x4d\x75\x2e\xb2\x24\x1d\xc0\x17\
\x02\xf8\x10\x42\x5b\xed\x88\x90\xeb\xb3\xa7\x67\x7b\x54\x87\x22\
\x32\x0b\x07\x00\xb2\x9d\x86\xdf\xf2\x05\x16\x00\x58\x00\x20\x4e\
\x75\x26\x0a\x48\x95\x00\xd6\x40\x62\x99\x53\x88\xf7\xb3\xe7\x65\
\x9f\x50\x1d\x88\xc8\x48\x1c\x00\xc8\x16\xd2\x97\xa5\x0f\xd3\x35\
\xed\x0a\x40\x2e\x00\x30\x05\x80\x43\x75\x26\xb2\x15\x2f\x20\x3f\
\x15\x42\xbc\xef\xd1\xc4\xdb\x1b\x2f\xcd\xde\xaf\x3a\x10\x91\xaf\
\x38\x00\x50\xc0\x4a\x59\x35\x7d\x8c\xf0\x78\xe7\xd7\xfd\xa6\x2f\
\x52\x54\xe7\xa1\xa0\xb2\x1b\x42\x2c\x83\xc0\xf2\xdc\x39\xd9\xb9\
\xaa\xc3\x10\x75\x05\x07\x00\x0a\x28\xe9\x2b\xd2\xc7\x49\x88\x6b\
\x24\x70\x25\x80\x61\xaa\xf3\x10\x01\xd8\x0b\x21\xde\x90\x9a\x78\
\x8d\x9f\x2a\xa0\x40\xc2\x01\x80\x2c\x2f\x7d\x75\xfa\x40\xdd\x83\
\x45\x80\xb8\x01\x40\xb2\xea\x3c\x44\x6d\xd8\x0d\x88\x37\xbc\x0e\
\xbc\xc2\xd3\x04\x64\x75\x1c\x00\xc8\x92\x52\x97\xa7\xc6\x03\x8e\
\x6b\x84\x86\xeb\xa5\xc4\x45\xe0\xbf\x55\x0a\x2c\x12\x90\x1b\x24\
\xb4\x57\x42\x5c\x78\x3d\xfb\xf2\xec\x12\xd5\x81\x88\xce\xc5\x17\
\x55\xb2\x8e\xc5\xd0\x52\x27\x66\xce\x80\x90\x37\x02\xb8\x02\x40\
\xa4\xea\x48\x44\x06\xa8\x85\xc0\xfb\x00\x5e\x76\x46\x88\x95\xfc\
\x68\x21\x59\x05\x07\x00\x52\x6e\x5a\xd6\x8c\x21\x42\xf7\xde\x22\
\x04\x6e\x02\xd0\x5f\x75\x1e\x22\x13\x1d\x01\xe4\x7f\x21\xf5\xff\
\xe4\xce\xcf\x3d\xa8\x3a\x0c\x05\x37\x0e\x00\xa4\x46\xfd\x6f\xfb\
\x9a\xbc\x1d\x12\x8b\xc0\x8f\xed\x51\x70\xd1\x01\x7c\x02\x89\x67\
\x9c\x51\xe2\x1d\xae\x0a\x90\x0a\x1c\x00\xc8\xaf\x32\x57\x64\xf6\
\xf1\x48\xfd\x26\x08\xf1\x43\x00\x83\x54\xe7\x21\xb2\x80\xe3\x10\
\xe2\x25\x78\x3d\xff\xce\x5d\x90\x9b\xaf\x3a\x0c\x05\x0f\x0e\x00\
\xe4\x17\xd3\x96\x65\x4c\xd5\x34\xdc\x05\x60\x11\x00\xa7\xea\x3c\
\x44\x16\xe4\x16\x10\x6f\xeb\x02\x8f\xad\x9f\x9b\xfd\xa9\xea\x30\
\x64\x7f\x1c\x00\xc8\x34\x63\x96\x8e\x09\x8d\x8f\xec\xb9\x10\x02\
\x77\x01\x98\xa6\x3a\x0f\x51\x00\xd9\x02\x21\xff\x51\xdd\xbb\xf2\
\xb5\x2d\x13\xb7\xb8\x55\x87\x21\x7b\xe2\x00\x40\x86\x9b\xba\x6a\
\x6a\x77\x87\x27\xe4\x87\x10\xe2\x47\x00\xfa\xaa\xce\x43\x14\xc0\
\x8e\x4a\xe0\x09\x21\xbd\x4f\xe5\xce\xcf\x2d\x56\x1d\x86\xec\x85\
\x03\x00\x19\x26\x73\x45\x66\x1f\x0f\xf0\x03\x40\xde\x05\xa0\x9b\
\xea\x3c\x44\xb6\x21\x51\x01\x81\x17\x34\xa7\x7c\x38\x67\x76\xce\
\x11\xd5\x71\xc8\x1e\x38\x00\x90\xcf\xa6\xae\xca\x1c\xea\xf0\xca\
\x3b\x01\xdc\x0e\x20\x5c\x75\x1e\x22\x1b\x73\x01\xf8\x9f\x10\xfa\
\x83\xeb\xe6\xae\xdb\xad\x3a\x0c\x05\x36\x0e\x00\xd4\x65\xe9\x59\
\xe9\xe3\x75\x29\xfe\x08\x60\x21\xf8\x6f\x89\xc8\x9f\x74\x09\xf9\
\x8e\xd0\x1d\xf7\xe5\x2e\x58\xb3\x4d\x75\x18\x0a\x4c\x7c\xd1\xa6\
\x4e\x4b\x5b\x99\x76\xbe\x94\xda\xdd\x90\xb8\x12\xfc\x37\x44\xa4\
\x92\x04\xb0\x42\x42\xdc\xb3\x7e\x5e\xf6\x66\xd5\x61\x28\xb0\xf0\
\xc5\x9b\x3a\x6c\xda\xca\x8c\x49\x9a\x8e\x3f\x02\x98\x07\xfe\xdb\
\x21\xb2\x12\x29\x04\x96\x49\x5d\xbb\x37\x77\xfe\x9a\x2d\xaa\xc3\
\x50\x60\xe0\x8b\x38\xb5\x2b\x7d\x79\xfa\x28\x5d\x13\xf7\xf0\x37\
\x7e\xa2\x80\xf0\x11\x74\xed\x97\x3c\x35\x40\xed\xe1\x8b\x39\xb5\
\x2a\x75\x59\x6a\x22\x1c\x8e\x3f\x40\xe2\x56\xf0\x52\xbd\x44\x81\
\x44\x87\xc0\x5b\x3a\x1c\xbf\xdb\x30\xf7\x93\x03\xaa\xc3\x90\x35\
\x71\x00\xa0\x66\xce\x7c\x9c\xef\x6e\x40\xde\x06\x20\x54\x75\x1e\
\x22\xea\x32\x97\x14\x78\xda\xe3\x76\xde\xbf\x69\xe1\xc7\x05\xaa\
\xc3\x90\xb5\x70\x00\xa0\x06\xc9\xcb\x92\x23\x23\x44\xd4\x9d\x10\
\xe2\xf7\x00\x62\x55\xe7\x21\x22\xc3\x54\x42\x88\x7f\x39\x23\xf0\
\xe7\xec\xe9\xd9\x15\xaa\xc3\x90\x35\x70\x00\xa0\x33\x77\xe6\xcb\
\xb8\x02\x02\x7f\x03\x6f\xd0\x43\x64\x67\x47\x21\x71\x6f\xdf\xaa\
\xde\xcf\xbf\x71\xf5\x1b\x5e\xd5\x61\x48\x2d\x0e\x00\x41\x2e\x6d\
\xe5\xf4\x8b\xa5\xae\x3f\x0c\xe0\x42\xd5\x59\x88\xc8\x6f\xb6\x40\
\x17\xbf\xcc\x5d\x90\x9d\xad\x3a\x08\xa9\xc3\x01\x20\x48\x65\x66\
\x65\x0e\xf0\x48\xf9\x00\x80\x1b\x54\x67\x21\x22\x65\x96\x3b\x35\
\x71\x67\xf6\x9c\xec\xc3\xaa\x83\x90\xff\x71\x00\x08\x32\x53\x97\
\x4e\x8d\x70\x44\x86\xfc\x04\x10\x77\x43\x20\x5a\x75\x1e\x22\x52\
\xae\x0a\x10\x7f\x73\x46\xe2\xc1\xec\xe9\xd9\x35\xaa\xc3\x90\xff\
\x70\x00\x08\x22\xa9\xcb\x32\x2e\x97\x1a\x1e\x11\x40\x92\xea\x2c\
\x44\x64\x39\x07\x20\xf0\xb3\xdc\xb9\x6b\x97\xa9\x0e\x42\xfe\xc1\
\x01\x20\x08\xa4\xad\x4a\xeb\x2b\xbd\xda\xbf\x00\x2c\x52\x9d\x85\
\x88\x2c\x6f\xb9\xe6\x94\x77\xf0\xae\x83\xf6\xc7\x8b\xbb\xd8\x99\
\x84\x48\x9d\x94\x71\x3b\xa4\x78\x1f\x7c\x93\x1f\x11\x75\xcc\x70\
\xa9\x8b\x5b\x12\xaf\x1b\x54\x9d\x3f\x3c\xef\x73\x64\x43\xaa\x0e\
\x44\xe6\xe0\x0a\x80\x4d\x9d\xb9\x45\xef\x33\x00\xa6\xab\xce\x42\
\x44\x81\x4a\xae\xd7\x24\x6e\xcb\x99\x9f\xb3\x47\x75\x12\x32\x1e\
\x07\x00\x9b\x49\xde\x9c\x1c\x12\x71\x22\xea\xe7\x10\xe2\x1e\x00\
\x61\xaa\xf3\x10\x51\xc0\x73\x43\x88\x47\x8a\x2b\x0a\xff\xb8\xeb\
\xea\x5d\x2e\xd5\x61\xc8\x38\x1c\x00\x6c\x64\xda\xb2\x8c\xa9\x9a\
\xc0\xb3\x10\x18\xa3\x3a\x0b\x11\xd9\xce\x4e\x29\xc4\x6d\xeb\xe7\
\x66\x7f\xaa\x3a\x08\x19\x83\x03\x80\x0d\x24\x2f\x4b\x8e\x8c\x70\
\xc4\xfc\x11\x52\xfe\x12\x7c\x5f\x07\x11\x99\x47\x87\xc0\x73\xd2\
\xed\xf9\xe5\xfa\x85\xeb\xcb\x55\x87\x21\xdf\x70\x00\x08\x70\x29\
\x59\x19\x73\x84\xc4\xd3\x00\x06\xaa\xce\x42\x44\x41\x23\x4f\x48\
\xed\xfb\xeb\xe6\xaf\x59\xad\x3a\x08\x75\x1d\x07\x80\x00\x35\x75\
\xe9\xd4\x08\x47\x54\xe8\x83\x00\xee\x04\xff\x1e\x89\xc8\xff\x24\
\x04\x9e\x75\x46\x88\x5f\xf0\x06\x43\x81\x89\x8d\x23\x00\xa5\xae\
\x98\x3e\x05\xd0\x5f\x02\x30\x5c\x75\x16\x22\x0a\x7a\x07\xa1\x89\
\x9b\x72\xe7\x64\xe7\xaa\x0e\x42\x9d\xc3\x01\x20\x80\x64\xae\xc9\
\x74\x7a\xaa\x70\x37\x20\xef\x06\xcf\xf5\x13\x91\x75\x78\x20\xc4\
\xdf\xf9\x49\x81\xc0\xc2\x01\x20\x40\xa4\xae\x48\x1d\x0e\xe1\x78\
\x0d\x12\x13\x54\x67\x21\x22\x6a\xc5\x67\xba\x70\x5c\xbb\x61\xee\
\x27\x07\x54\x07\xa1\xf6\x69\xaa\x03\x50\xfb\x52\xb3\xd2\x6f\x84\
\x74\x6c\x61\xf3\x27\x22\x8b\x9b\xac\x49\xef\x97\x69\xcb\x33\xaf\
\x57\x1d\x84\xda\xc7\x15\x00\x0b\x4b\x79\x2f\x25\x06\x4e\xe7\xbf\
\x05\xc0\x1f\x26\x22\x0a\x34\x2f\x3b\x23\xc5\x1d\x7c\x83\xa0\x75\
\x71\x00\xb0\xa8\x94\x15\x99\x13\x05\xe4\xeb\x00\x86\xa8\xce\x42\
\x44\xd4\x45\x7b\x75\x88\x6f\x6f\x98\x97\xbd\x55\x75\x10\x6a\x8e\
\xa7\x00\x2c\x28\x35\x2b\xfd\x46\x01\x99\x03\x36\x7f\x22\x0a\x6c\
\xc3\x35\xc8\x8d\x69\x2b\x32\xbf\xa7\x3a\x08\x35\xc7\x15\x00\x0b\
\x99\x93\x35\x27\xac\x1c\x55\xff\x80\xc4\xed\xaa\xb3\x10\x11\x19\
\x4a\xe0\x99\xe2\x8a\x53\x77\xf2\x53\x02\xd6\xc1\x01\xc0\x22\x32\
\xb3\x32\x07\x78\xa4\xfe\x26\x20\xa6\xa8\xce\x42\x44\x64\x92\x2d\
\x3a\x1c\x57\x6c\x98\xf7\x49\x9e\xea\x20\xc4\x53\x00\x96\x90\x96\
\x35\x3d\xc3\x23\xe5\x66\x36\x7f\x22\xb2\xb9\x64\x0d\xde\xcd\xa9\
\xcb\x33\x2f\x51\x1d\x84\x38\x00\xa8\x25\x21\x52\x57\xa4\xff\x54\
\x4a\xfd\x23\x00\x09\xaa\xe3\x10\x11\xf9\x41\x4f\x08\xb9\x2a\x75\
\x79\xfa\x6f\x20\xb9\x0a\xad\x12\xbf\xf9\x8a\xa4\xbc\x97\x12\x23\
\x1c\xce\x17\x20\x70\xa5\xea\x2c\x44\x44\x2a\x48\xc8\xf7\x22\x42\
\x43\x6f\xfa\x68\xe6\x47\xa5\xaa\xb3\x04\x23\x0e\x00\x0a\xa4\xae\
\x48\x1d\x0e\xe9\x78\x1b\x02\x63\x54\x67\x21\x22\x52\xec\x6b\x21\
\xf4\x45\xeb\xe6\xae\xdb\xad\x3a\x48\xb0\xe1\x29\x00\x3f\x4b\x5d\
\x91\x39\x1f\x70\x6c\x66\xf3\x27\x22\x02\x00\x8c\x90\x52\xdb\x98\
\xba\x22\xf3\x52\xd5\x41\x82\x0d\x07\x00\x3f\x4a\xcb\xca\xb8\x0d\
\x90\xef\x00\x88\x51\x9d\x85\x88\xc8\x42\x62\x01\xb9\x3c\x75\x45\
\xfa\x8f\x54\x07\x09\x26\xbc\xa3\x9c\x3f\x48\x88\xd4\xc9\x99\x8b\
\x01\xfc\x1d\x1c\xba\x88\x88\x5a\xa2\x01\x62\x6e\xe2\x75\x49\xdd\
\xf3\x87\xe7\x7d\x80\x6c\x48\xd5\x81\xec\x8e\xef\x01\x30\x59\xe6\
\x9a\xcc\x70\x6f\x15\x5e\x94\x90\xdf\x56\x9d\x85\x88\x28\x40\xbc\
\xed\xad\x74\x5d\xbf\xf1\xea\x8d\xd5\xaa\x83\xd8\x19\x07\x00\x13\
\x4d\x7e\xfb\xe2\x1e\xa1\x61\xee\xf7\x00\x91\xa2\x3a\x0b\x11\x51\
\x60\x91\x9b\x74\xa7\xe7\xb2\x0d\xb3\x37\x9c\x54\x9d\xc4\xae\x38\
\x00\x98\x64\xea\xaa\xcc\xa1\x0e\xaf\xcc\x02\x30\x4c\x75\x16\x22\
\xa2\x00\x75\xd0\xab\x8b\x79\x1b\x17\x64\x7f\xa5\x3a\x88\x1d\xf1\
\x7c\xb4\x09\xd2\xb2\xa6\xa7\x38\xbc\x72\x23\xd8\xfc\x89\x88\x7c\
\x71\x9e\x43\x93\xeb\xd3\xb2\xa6\x67\xa8\x0e\x62\x47\x1c\x00\x0c\
\x96\xb2\x22\xfd\xea\x33\x57\xf6\xeb\xa9\x3a\x0b\x11\x91\x0d\x74\
\x97\x52\x5f\x9d\x92\x95\x7e\x9d\xea\x20\x76\xc3\x01\xc0\x40\x69\
\x59\x19\xbf\x17\x10\xaf\x03\x08\x57\x9d\x85\x88\xc8\x46\xc2\x84\
\x14\x2f\xa7\xad\xc8\xf8\x95\xea\x20\x76\xc2\xf7\x00\x18\x41\x42\
\xa4\x64\x65\xfc\x55\x00\xfc\xc7\x49\x44\x64\xae\x7f\xe4\xce\x5d\
\x7b\x17\x04\x3f\x26\xe8\x2b\x0e\x00\x3e\xba\x6a\xe9\x55\x8e\x63\
\x51\x27\x9f\x12\xc0\xf7\x54\x67\x21\x22\x0a\x12\x2f\x39\x23\xc5\
\xad\xd9\xd3\xb3\x3d\xaa\x83\x04\x32\x0e\x00\x3e\x18\xb3\x74\x4c\
\x68\x7c\x64\xcf\x57\x79\x43\x1f\x22\x22\xbf\x7b\xd7\x19\x29\xae\
\xc9\x9e\x9e\x5d\xa3\x3a\x48\xa0\xe2\x00\xd0\x45\xb3\x56\xcf\x8a\
\xaa\xf2\xd4\xbe\x0b\x80\xf7\xb5\x26\x22\x52\x41\xc8\xd5\xd5\xde\
\xca\x45\x5b\x16\x6c\xa9\x52\x1d\x25\x10\x71\x00\xe8\x82\x33\xcd\
\x7f\x19\x80\xe9\xaa\xb3\x10\x11\x05\xb9\x75\xd2\xe3\x99\xb7\x7e\
\xe1\xfa\x72\xd5\x41\x02\x0d\x07\x80\x4e\xca\x5c\x93\x19\xed\xa9\
\x96\xcb\x20\x91\xa9\x3a\x0b\x11\x11\x01\x80\x5c\xef\x16\xb5\x73\
\x37\xcd\xdd\x54\xa6\x3a\x49\x20\xe1\x00\xd0\x09\x97\x7c\x78\x49\
\xb7\x1a\x97\x7b\x15\x80\x8b\x54\x67\x21\x22\xa2\x26\x36\x7b\x1d\
\xae\xd9\x1b\x2f\xdd\x58\xa4\x3a\x48\xa0\xe0\x00\xd0\x41\x53\x57\
\x4d\xed\xee\xf0\x86\x7e\x00\x20\x59\x75\x16\x22\x22\x6a\x4e\x00\
\x9f\x4b\xe9\x9d\x9d\x3b\x3f\xb7\x58\x75\x96\x40\xc0\x0b\x01\x75\
\xc0\x25\x1f\x5e\xd2\xcd\xe9\x0d\x5d\x05\x36\x7f\x22\x22\xcb\x92\
\xc0\x24\x08\x6d\x65\xca\x7b\x29\x31\xaa\xb3\x04\x02\x0e\x00\xed\
\x98\x92\x35\x25\xb6\xc6\xe5\x5a\x2d\x81\x49\xaa\xb3\x10\x11\x51\
\x7b\xc4\x14\xe1\x74\xac\x9c\xb5\x7a\x56\x94\xea\x24\x56\xc7\x01\
\xa0\x0d\xb3\x56\xcf\x8a\x72\xca\xf0\x65\x80\x98\xa2\x3a\x0b\x11\
\x11\x75\x94\x48\xa9\xf2\xd4\xbe\x33\x27\x6b\x4e\x98\xea\x24\x56\
\xc6\x01\xa0\x15\xc9\xcb\x92\x23\xab\xbc\xb5\xcb\x05\x90\xae\x3a\
\x0b\x11\x11\x75\xda\xcc\x72\x59\xf5\x7a\xe6\x9a\x4c\xa7\xea\x20\
\x56\xe5\x50\x1d\xc0\x8a\xe6\x64\xcd\x09\xd3\x85\x58\x06\x60\x86\
\xea\x2c\x44\x44\xd4\x65\x23\xbd\x6e\x9c\x77\x64\x78\xde\x7b\xc8\
\xe6\xbd\x03\xce\xc5\x15\x80\x73\x5c\xb5\xf4\x2a\x47\x39\xaa\x5e\
\x06\xaf\xf0\x47\x44\x14\xf0\x04\x70\x7d\xea\xa4\x8c\xe7\x20\xf9\
\xa9\xb7\x73\x71\x05\xa0\x31\x09\x11\x9f\xd7\xeb\x69\x01\xdc\xa0\
\x3a\x0a\x11\x11\x19\x66\x7c\xe2\xbe\xa4\xf8\xfc\x25\x79\xab\x54\
\x07\xb1\x12\x0e\x00\x8d\xa4\x4d\x49\xff\x1b\x20\x7e\xac\x3a\x07\
\x11\x11\x19\x6e\xca\xc0\xeb\x93\xb4\x23\xaf\xe6\x65\xab\x0e\x62\
\x15\x5c\x12\x39\x23\x2d\x2b\xe3\xf7\x52\xe2\x7e\xd5\x39\x88\x88\
\xc8\x3c\x02\xf8\xf5\xba\x79\x6b\xff\xa6\x3a\x87\x15\x70\x00\x00\
\x90\xb6\x3c\xf3\x3b\x52\xc8\x25\xe0\xf7\x83\x88\xc8\xee\xa4\x90\
\xe2\xc6\x75\xf3\xb3\x5f\x51\x1d\x44\xb5\xa0\x6f\x78\xe9\x2b\xd2\
\xd3\x75\x88\x0f\x00\xf0\xf3\xa2\x44\x44\xc1\xc1\x25\x25\x2e\x5d\
\x3f\x7f\xed\x1a\xd5\x41\x54\x0a\xea\x01\x60\xea\xb2\xcc\x91\x0e\
\x4d\x6e\x00\x10\xaf\x3a\x0b\x11\x11\xf9\x55\x91\xd4\xb4\x69\xeb\
\xe7\xac\xf9\x5a\x75\x10\x55\x82\xf6\x63\x80\x99\xcb\x32\x7b\x3a\
\x85\x5c\x06\x36\x7f\x22\xa2\x60\xd4\x5d\xe8\xfa\xca\x69\xab\xa7\
\xf5\x56\x1d\x44\x95\xa0\x1c\x00\xa6\x2e\x9d\x1a\xe1\x75\xc8\xf7\
\xa5\xc0\x50\xd5\x59\x88\x88\x48\x99\xc1\x0e\x4f\xc8\xf2\xe4\x65\
\xc9\x91\xaa\x83\xa8\x10\x7c\x03\xc0\x62\x68\x8e\xa8\xd0\x57\xa4\
\xc4\x54\xd5\x51\x88\x88\x48\x2d\x09\x4c\x8a\x10\xd1\xff\xc5\xe2\
\xe0\xeb\x87\x41\xf7\x07\x4e\x99\x94\xf1\x30\x80\x45\xaa\x73\x10\
\x11\x91\x45\x08\x5c\x99\x3a\x29\xe3\x2f\xaa\x63\xf8\x5b\x50\xbd\
\x09\x30\x75\x79\xc6\xed\x10\x78\x5a\x75\x0e\x22\x22\xb2\x22\xf9\
\xe3\xdc\x79\x39\x4f\xa8\x4e\xe1\x2f\x41\x33\x00\xa4\x64\x65\xcc\
\x11\x12\xef\x03\xe0\x9d\xa1\x88\x88\xa8\x25\x5e\x08\x5c\x9e\x3b\
\x77\xed\x32\xd5\x41\xfc\x21\x28\x06\x80\x94\x95\xd3\x47\x08\x5d\
\xff\x0c\x40\xac\xea\x2c\x44\x44\x64\x69\xe5\x9a\x94\x53\x72\xe6\
\xe7\xec\x51\x1d\xc4\x6c\xb6\x7f\x0f\x40\xe6\x9a\xcc\x68\xa1\xeb\
\x6f\x83\xcd\x9f\x88\x88\xda\x17\xa3\x0b\xf1\xce\x94\xac\x29\xb6\
\xef\x19\xf6\x1e\x00\x24\x84\xa7\x52\xfe\x07\xc0\x68\xd5\x51\x88\
\x88\x28\x60\x8c\x08\x41\xf8\x8b\x76\xbf\x85\xb0\xad\xef\x06\x98\
\x3a\x39\xf3\xb7\x10\xf8\x89\xea\x1c\x44\x44\x14\x70\x46\x25\xee\
\x4b\x2a\xcb\x5f\x92\xb7\x51\x75\x10\xb3\xd8\x76\xba\x49\xcf\x4a\
\x9f\xa1\x4b\xf1\x01\x6c\x3e\xe4\x10\x11\x91\x69\xbc\x12\x98\xb3\
\x7e\xde\xda\x0f\x55\x07\x31\x83\x2d\x07\x80\xf4\xd5\xe9\x03\x75\
\x8f\xd8\x02\xa0\x97\xea\x2c\x44\x44\x14\xd0\x4e\x3a\x85\x48\xce\
\x9e\x9b\xfd\x8d\xea\x20\x46\xb3\xdd\x7b\x00\xe6\x64\xcd\x09\x93\
\x1e\xf1\x16\xd8\xfc\x89\x88\xc8\x77\xbd\x3d\x52\x7f\x73\x4e\xd6\
\x1c\xdb\xdd\x31\xd6\x76\x03\x40\x99\xac\xfa\x97\x04\x26\xa9\xce\
\x41\x44\x44\x76\x21\xa6\x54\xc8\xca\xc7\x54\xa7\x30\x9a\xad\x4e\
\x01\xf0\x4a\x7f\x44\x44\x64\x1a\x21\x6f\xcd\x9d\x9b\xf3\x82\xea\
\x18\x46\xb1\xcd\x00\x90\xb2\x22\x73\xa2\x80\xcc\x05\x60\xbb\x65\
\x1a\x22\x22\xb2\x84\x6a\x1d\x62\xda\x86\x79\xd9\x5b\x55\x07\x31\
\x82\x2d\x4e\x01\x64\xae\xc9\x8c\x16\x90\xaf\x82\xcd\x9f\x88\x88\
\xcc\x13\xa1\x41\x2e\xb1\xcb\xed\x83\x6d\x31\x00\xb8\xab\xe4\x93\
\x00\x86\xab\xce\x41\x44\x44\xb6\x37\x2a\x42\x44\x3f\xac\x3a\x84\
\x11\x02\xfe\x14\x40\xda\x8a\xcc\x9b\x25\xe4\x7f\x54\xe7\x20\x22\
\xa2\xe0\x21\xa5\x5c\xb8\x7e\x7e\xce\xfb\xaa\x73\xf8\x22\xa0\x07\
\x80\xa9\xab\x32\x87\x3a\xbc\xf2\x0b\x00\x31\xaa\xb3\x10\x11\x51\
\x50\x29\x14\x0e\xfd\x82\x75\x97\xae\x3b\xae\x3a\x48\x57\x05\xec\
\x29\x80\x31\x4b\xc7\x84\x3a\x74\xf9\x3f\xb0\xf9\x13\x11\x91\xff\
\xf5\x92\x5e\xed\x85\x40\xbe\x5f\x40\xc0\x0e\x00\xf1\x51\x3d\xee\
\x81\xc4\x04\xd5\x39\x88\x88\x28\x68\x5d\x9a\x9a\x95\x71\xa7\xea\
\x10\x5d\x15\x90\x93\x4b\xfa\xf2\xf4\x69\xba\x10\x39\xe0\x75\xfe\
\x89\x88\x48\xad\x5a\xa1\xe9\x93\xd7\xcd\x59\xb7\x5d\x75\x90\xce\
\x0a\xb8\x15\x80\x59\xab\x67\x45\xe9\x42\xbc\x08\x36\x7f\x22\x22\
\x52\x2f\x4c\x7a\xb5\x25\x53\x97\x4e\x8d\x50\x1d\xa4\xb3\x02\x6e\
\x00\xa8\xf2\xd6\x3e\x02\x60\x98\xea\x1c\x44\x44\x44\x00\x00\x81\
\x31\x5a\x54\xe8\xfd\xaa\x63\x74\x56\x40\x9d\x02\x48\xc9\xca\x98\
\x23\x24\x56\x20\xc0\x72\x13\x11\x91\xed\x49\x09\xcc\x0e\xa4\x5b\
\x07\x07\x4c\x23\x9d\xb5\x7a\x56\x54\x95\xa7\x76\x07\x80\xc1\xaa\
\xb3\x10\x11\x11\xb5\x20\xdf\x19\x29\xc6\x64\x4f\xcf\xae\x50\x1d\
\xa4\x23\x02\xe6\x14\x40\xb5\xbb\xe6\x41\xb0\xf9\x13\x11\x91\x75\
\x25\x7a\x2b\xf5\xfb\x54\x87\xe8\xa8\x80\x58\x01\x48\x5d\x31\x7d\
\x0a\xa0\xaf\x07\xdf\xf8\x47\x44\x44\xd6\xa6\xeb\x3a\x52\x37\x2c\
\x58\xbb\x51\x75\x90\xf6\x58\x7e\x05\x60\xcc\xd2\x31\xa1\x90\xfa\
\xf3\x60\xf3\x27\x22\x22\xeb\xd3\x34\x0d\x4f\x27\x6f\x4e\x0e\x51\
\x1d\xa4\x3d\x96\x1f\x00\xe2\xa3\x7a\xfd\x1e\x02\x63\x54\xe7\x20\
\x22\x22\xea\xa0\x71\x11\x27\xa2\x7e\xad\x3a\x44\x7b\x2c\x7d\x0a\
\x20\x65\xe5\xf4\x11\x42\xd7\xb7\x02\x08\x57\x9d\x85\x88\x88\xa8\
\x13\x6a\x35\x29\xc7\xe7\xcc\xcf\xd9\xa3\x3a\x48\x6b\xac\xbb\x02\
\xb0\x18\x9a\xf0\xea\xcf\x81\xcd\x9f\x88\x88\x02\x4f\x98\x57\x88\
\xa7\xac\x7c\xaf\x00\xcb\x0e\x00\xa9\x93\xd2\x7f\x08\x81\x54\xd5\
\x39\x88\x88\x88\xba\x42\x00\xe9\xa9\x2b\x32\x6e\x53\x9d\xa3\x35\
\x96\x9c\x4c\x52\xde\x4b\xe9\x27\x9c\xce\x5d\x00\xe2\x54\x67\x21\
\x22\x22\xf2\x41\x99\x57\x77\x8c\xde\xb8\xe0\x93\xa3\xaa\x83\x9c\
\xcb\x9a\x2b\x00\x4e\xc7\xbf\xc1\xe6\x4f\x44\x44\x81\x2f\x56\xd3\
\x3c\x8f\xab\x0e\xd1\x12\xcb\xad\x00\xa4\x2e\xcb\xb8\x1c\x1a\xde\
\x56\x9d\x83\x88\x88\xc8\x38\x62\x41\xee\xbc\xec\xe5\xaa\x53\x34\
\x66\xa9\x01\x60\xea\xd2\xa9\x11\x8e\xa8\xd0\x5d\xe0\x15\xff\x88\
\x88\xc8\x5e\x0e\x38\x23\xc5\xd8\xec\xe9\xd9\x35\xaa\x83\xd4\xb3\
\xd4\x29\x00\x47\x54\xd8\x6f\xc0\xe6\x4f\x44\x44\xf6\x33\xc4\x5d\
\x25\x7f\xa6\x3a\x44\x63\x96\x59\x01\x48\x5d\x96\x9a\x08\xcd\xb1\
\x07\x40\xa4\xea\x2c\x44\x44\x44\x26\xa8\xd2\xe1\x18\xbd\x61\xde\
\x27\x79\xaa\x83\x00\x56\x5a\x01\x70\x38\x1e\x03\x9b\x3f\x11\x11\
\xd9\x57\xa4\x26\xbc\x0f\xaa\x0e\x51\xcf\x12\x2b\x00\x69\x2b\xa7\
\x5f\x2c\x75\xfd\x23\xd5\x39\x88\x88\x88\xcc\xa6\x41\x66\xe4\xcc\
\xcb\xc9\x51\x9f\x43\xb5\xc5\xd0\xa4\xd4\x1f\x52\x1d\x83\x88\x88\
\xc8\x1f\xbc\x10\x8f\x61\xb1\xfa\xfe\xab\x3c\x40\xea\xe4\xf4\x9b\
\x21\x31\x41\x75\x0e\x22\x22\x22\x7f\x10\xc0\xf8\x94\xc9\xe9\xd7\
\x58\x20\x87\x3a\x67\x3e\xf6\xf7\x35\x80\x81\x2a\x73\x10\x11\x11\
\xf9\xd9\x37\xd5\x7a\xc5\x88\x2d\x0b\xb6\x54\xa9\x0a\xa0\x74\x05\
\xc0\x19\x19\xfa\x2b\xb0\xf9\x13\x11\x51\xf0\x19\x10\xae\x45\xff\
\x54\x65\x00\x65\x2b\x00\x99\x2b\x32\xfb\x78\xa4\xdc\x07\x81\x68\
\x55\x19\x88\x88\x88\x14\x2a\xd3\x9d\xee\x61\x1b\x66\x6f\x38\xa9\
\xe2\xc9\x95\xad\x00\x78\x20\xff\x8f\xcd\x9f\x88\x88\x82\x58\xac\
\xe6\x09\xfd\xbd\xaa\x27\x57\xb2\x02\x90\xb9\x32\x33\xc9\xa3\xcb\
\xaf\x01\x84\xaa\x78\x7e\x22\x22\x22\x8b\x70\x69\x5e\x39\x32\xe7\
\xb2\x9c\x43\xfe\x7e\x62\x25\x2b\x00\x6e\x5d\xde\x07\x36\x7f\x22\
\x22\xa2\x50\x5d\x13\x77\xab\x78\x62\xbf\xaf\x00\xa4\xac\x9a\x3e\
\x46\x78\xf5\xed\xb0\xc0\x47\x10\x89\x88\x88\x2c\xc0\xab\x49\x39\
\x2e\x67\x7e\xce\x1e\x7f\x3e\xa9\xff\x9b\xb0\xd7\x7b\xbf\x92\xe7\
\x25\x22\x22\xb2\x26\x87\xae\x89\x7b\xfc\xfd\xa4\x7e\x5d\x01\x98\
\xb6\x32\x63\x92\xa6\x63\x93\xbf\x9f\x97\x88\x9a\x73\x0a\x27\x62\
\x43\x63\x10\x13\x12\x8b\xd8\x90\x18\xc4\x86\xc4\x22\xd4\x11\x8a\
\x08\x47\x04\x9c\x9a\x13\x00\x10\xe5\x8c\x84\x26\x1c\x00\x00\xaf\
\xee\x45\x95\xb7\x0a\x52\x4a\x54\x78\x2a\x00\x00\x95\x9e\x4a\xe8\
\x52\x47\x71\x6d\x09\x8a\x5d\xc5\x28\x71\x95\x40\x97\xba\xb2\x3f\
\x13\x51\x00\x93\x9a\x90\xc9\x39\x73\x73\xbe\xf4\xd7\x13\x3a\xfd\
\xf5\x44\x00\xa0\xe9\xf2\x4f\x80\x60\xf3\x27\x32\x99\x26\x34\xf4\
\x8b\xe8\x8b\xbe\x91\x7d\x91\x10\x91\x80\x84\xf0\xde\xe8\x13\xd9\
\x07\xbd\xc3\x7b\x23\x21\x22\x01\xf1\xa1\x71\x88\x74\x1a\x7f\xef\
\x2d\x5d\xea\x28\x76\x15\xa3\xb8\xb6\x04\x85\xb5\x85\x28\xa9\x2d\
\x41\x41\xcd\x49\xe4\x57\xe4\x23\xbf\x32\x1f\xf9\x15\x47\x50\xed\
\xad\x36\xfc\x79\x89\x6c\x40\xe8\x10\xff\x07\x60\x91\xdf\x9e\xd0\
\x5f\x4f\x94\xb6\x2c\x6d\x82\xd4\xb4\xcd\xfe\x7c\x4e\xa2\x60\xd0\
\x2b\xbc\x17\x86\xc6\x0e\xc1\x79\x31\xe7\x61\x70\x74\x12\x92\xa2\
\x93\x90\x14\x3d\x08\x61\x8e\x30\xd5\xd1\x5a\x74\xb2\xe6\x24\xf2\
\x2b\x8e\x20\xaf\x32\x1f\x87\xcb\x0f\x63\x4f\xe9\x1e\xec\x2f\x3b\
\x00\xaf\xf4\xaa\x8e\x46\xa4\x9a\x84\xae\x8d\xcf\x5d\xb0\x66\x9b\
\x3f\x9e\xcc\x6f\x2b\x00\x52\xd3\x16\x83\xcd\x9f\xc8\x27\x4e\xe1\
\xc4\x90\xd8\xf3\x70\x7e\xfc\xf9\x18\xd1\x6d\x38\xc6\xc5\x8f\x45\
\xbf\xc8\x7e\xaa\x63\x75\x4a\xef\xf0\xde\xe8\x1d\xde\x1b\x13\x7b\
\x26\x37\x6c\xf3\x48\x0f\x0e\x94\x1d\xc4\x8e\xe2\x1d\xf8\xba\x74\
\x2f\xb6\x16\x6d\xc5\x89\xea\x02\x85\x29\x89\x94\x10\x52\xf3\xfe\
\x1f\x80\x2b\xfd\xf2\x64\xfe\x78\x92\x69\x2b\x32\x2f\xd4\x20\xbf\
\xf0\xd7\xf3\x11\xd9\x85\x43\x38\x30\x3a\x6e\x14\x26\xf5\x9c\x88\
\x49\x3d\x27\x62\x54\xdc\x28\x38\xce\x9c\x93\xb7\xbb\x63\x55\xc7\
\xf0\xd9\xa9\xcd\xd8\x54\xb8\x09\x9b\x4f\x6d\x41\x8d\xb7\x46\x75\
\x24\x22\x7f\x90\x42\xd3\x2f\x5c\x37\x67\xdd\x76\xb3\x9f\xc8\x2f\
\x0d\x39\x35\x2b\xe3\x6d\x48\x5c\xee\x8f\xe7\x22\x0a\x74\x3d\xc3\
\x7b\x22\xb5\x77\x0a\x26\xf7\x9a\x84\x09\x3d\xc6\x23\xca\x19\xa5\
\x3a\x92\x72\x6e\xdd\x8d\xad\x45\xdb\xf0\x69\xe1\x26\x7c\x7a\xf2\
\x53\xe4\x57\x1e\x51\x1d\x89\xc8\x3c\x02\x6f\xe4\xce\x5d\x7b\xb5\
\xf9\x4f\x63\xb2\xf4\xe5\xe9\xa3\x74\x21\x76\x82\x1f\xfd\x23\x6a\
\x55\x9f\x88\x3e\xc8\xe8\x93\x8e\xcc\x3e\xe9\x18\x1d\x37\x1a\x9a\
\xe0\x8f\x4b\x5b\x8e\x56\x1d\xc3\xc7\xc7\x3e\xc6\x07\xc7\x3e\x42\
\x5e\x45\x9e\xea\x38\x44\x46\xd3\x35\x29\xc7\x9a\x7d\x5d\x00\xd3\
\x07\x80\xd4\x15\x19\xff\x05\x70\xa3\xd9\xcf\x43\x14\x68\xe2\x43\
\xe3\x31\xab\xff\x4c\x5c\xd2\xef\x62\x8c\xec\x36\x42\x75\x9c\x80\
\xb5\xb7\x74\x2f\x56\x1f\xfb\x10\x1f\x1f\xfb\x04\xa7\x6b\x4f\xab\
\x8e\x43\x64\x08\x09\x3c\xb7\x7e\xde\xda\xdb\xcc\x7c\x0e\x53\x07\
\x80\xcc\xac\xcc\x01\x1e\x29\x0f\x80\x97\xfd\x25\x02\x50\x77\x4e\
\xff\xa2\x5e\x53\x30\x6f\xe0\x5c\x4c\xed\x7d\x11\x9c\xc2\xaf\x9f\
\xc4\xb5\x35\x5d\xea\xd8\x72\xfa\x0b\xac\xfa\x66\x35\xd6\x9c\xc8\
\x86\x5b\x77\xab\x8e\x44\xe4\x8b\x5a\xe9\xf1\x9c\xb7\x7e\xe1\xfa\
\x63\x66\x3d\x81\xa9\xaf\x3e\x5e\x5d\xff\x05\x84\x60\xf3\xa7\xa0\
\xd7\x3b\xbc\x37\x2e\x1f\xf4\x2d\xcc\x19\x30\x1b\x3d\xc2\x7a\xa8\
\x8e\x63\x4b\x9a\xd0\x1a\xde\x2c\xf9\xa3\xda\x1f\xe2\xbd\xfc\xf7\
\xf1\x6e\xfe\xfb\x28\xaa\x2d\x52\x1d\x8d\xa8\x2b\xc2\x84\xd3\xf9\
\x53\x00\xbf\x31\xeb\x09\x4c\x5b\x01\x98\xba\x6a\x6a\x77\x87\x27\
\x34\x8f\xb7\xfc\xa5\x60\x36\xa2\xdb\x70\x5c\x95\x74\x25\x2e\xee\
\x37\x83\xbf\xed\x2b\xe0\xd6\xdd\xc8\x2d\x58\x8f\x37\x0e\xbf\x89\
\x1d\xc5\x3b\x55\xc7\x21\xea\xac\x32\xa7\x4b\x0c\xca\xbe\x3c\xbb\
\xc4\x8c\xe2\xa6\xbd\x22\x39\x3c\x21\x3f\x64\xf3\xa7\x60\xa4\x09\
\x0d\xd3\xfb\x64\xe2\xea\xc1\x57\x61\x74\xdc\x28\xd5\x71\x82\x5a\
\x88\x16\x82\xe9\x7d\x33\x31\xbd\x6f\x26\x76\x97\xec\xc1\xcb\x07\
\x5e\xc1\xfa\x82\x0d\x90\x90\xaa\xa3\x11\x75\x44\xac\x37\x4c\xde\
\x0e\xe0\x21\x33\x8a\x9b\xb2\x02\x90\xbc\x39\x39\x24\xa2\x20\xfa\
\x10\x80\xfe\x66\xd4\x27\xb2\x22\x4d\x68\xc8\xe8\x93\x8e\x5b\x87\
\xdd\x82\x41\xd1\x89\xaa\xe3\x50\x2b\x0e\x94\x1f\xc0\x7f\xf7\xbf\
\x8c\xec\xe3\x6b\x39\x08\x50\x20\x38\x5a\x9d\x50\x31\x78\xcb\xc4\
\x2d\x86\xbf\xa9\xc5\x94\x01\x20\x6d\x79\xe6\xf5\x52\xc8\x97\xcd\
\xa8\x4d\x64\x35\x6c\xfc\x81\x69\x7f\xd9\x01\xbc\x74\xe0\x65\xac\
\x39\x9e\xad\x3a\x0a\x51\x9b\xa4\x90\xdf\x59\x3f\x37\xe7\x7f\x46\
\xd7\x35\x65\x00\x48\x5d\x91\xb1\x09\xc0\x64\x33\x6a\x13\x59\x49\
\x6a\x42\x0a\x7e\x30\xe2\xfb\x6c\xfc\x01\x6c\x67\xf1\x4e\x3c\xf5\
\xf5\xb3\xd8\x56\xe4\x97\xcb\xaf\x13\x75\x9a\x10\xd8\xb8\x6e\xee\
\xda\x69\x86\xd7\x35\xba\x60\xfa\xf2\xf4\x69\xba\x10\xeb\x8d\xae\
\x4b\x64\x25\x49\xd1\x49\xf8\xd1\xa8\x1f\xe2\xa2\x5e\x53\x54\x47\
\x21\x83\x6c\x38\xb9\x11\x8f\xee\x7a\x8c\xf7\x20\x20\x8b\xd2\x2e\
\xca\x9d\xb7\x66\x93\x91\x15\x0d\x7f\x13\xa0\x2e\xc4\x4f\x8d\xae\
\x49\x64\x15\xdd\x42\xbb\xe1\xe6\xa1\x37\x62\xd1\xa0\xcb\x79\xb5\
\x3e\x9b\x99\xd6\x7b\x2a\x26\xf4\x18\x8f\xd7\x0e\xbe\x8e\x57\x0e\
\x2c\x81\x4b\x77\xa9\x8e\x44\xd4\x88\xfe\x53\x00\xd7\x1a\x59\xd1\
\xd0\x15\x80\x94\xf7\x52\xfa\x09\xa7\x33\x0f\x7e\xbc\xcb\x20\x91\
\x3f\x08\x08\x2c\x48\x9c\x8f\x3b\x46\xfe\x80\xd7\xe6\x0f\x02\x47\
\xab\x8e\xe1\xe9\xaf\x9f\xe1\xfb\x03\xc8\x4a\xdc\xc2\xa1\x0f\x5a\
\x77\xe9\xba\xe3\x46\x15\x34\xf4\xb6\x62\x83\x6e\x18\xfc\x73\x40\
\xcc\x30\xb2\x26\x91\x6a\xe7\xc5\x9c\x87\xbf\x4c\xbc\x1f\xdf\x4a\
\x5c\x88\x50\x8d\xd7\xb5\x0a\x06\xb1\x21\x31\x98\xde\x37\x13\x43\
\x63\x86\x60\x6b\xd1\x56\x54\xf3\x4e\x84\xa4\x9e\x03\x52\x2b\xc9\
\x5f\x72\x38\xc7\xa8\x82\x86\xad\x00\x64\xae\xc9\x74\x7a\xaa\xe4\
\x21\x00\x03\x8c\xaa\x49\xa4\x52\xa8\x16\x8a\xeb\x87\x5c\x8b\xeb\
\x87\x5c\x87\x10\x2d\x44\x75\x1c\x52\xa4\xdc\x5d\x8e\xc7\x77\xff\
\x13\xab\x8f\x7e\xa0\x3a\x0a\xd1\x91\xbe\x95\xbd\x07\xbf\x71\xf5\
\x1b\x5e\x23\x8a\x19\xb6\x02\x30\xf0\xdb\x49\x97\x01\xb8\xdd\xa8\
\x7a\x44\x2a\x9d\x17\x33\x18\x0f\x4f\x7e\x08\x33\xfa\xce\x80\x43\
\x18\xba\x50\x46\x01\x26\xcc\x11\x86\xf4\x3e\x69\x18\x1c\x9d\x84\
\x2f\x8a\xbe\x44\xad\xb7\x56\x75\x24\x0a\x5e\xdd\x2a\x42\xab\x3e\
\xcf\x5f\x72\x78\xaf\x11\xc5\x8c\x7b\x17\x93\x94\x3f\x34\xac\x16\
\x91\x22\x02\x02\x57\x25\x5d\x89\xe7\x52\x9e\xc1\x90\x98\x21\xaa\
\xe3\x90\x85\x4c\xef\x9b\x89\x97\xd2\x5e\x44\x5a\x42\xaa\xea\x28\
\x14\xd4\xe4\xf7\x8d\xaa\x64\xc8\x29\x80\x69\x59\x33\x86\x68\xd2\
\xbb\x17\x46\x0e\x14\x44\x7e\x96\x10\x91\x80\x3f\x9c\xff\x3b\x8c\
\xef\x71\xa1\xea\x28\x64\x71\xef\xe7\x2f\xc3\x63\xbb\xff\xc1\x3b\
\x0e\x92\x0a\x5e\x1d\x8e\x21\x1b\xe6\x7d\x92\xe7\x6b\x21\x43\x1a\
\xb6\x43\x7a\x6f\x35\xaa\x16\x91\x0a\xa9\x09\x29\x78\x31\xf5\x79\
\x36\x7f\xea\x90\xcb\x12\x17\xe0\x1f\x53\x1e\x43\xaf\xf0\x5e\xaa\
\xa3\x50\xf0\x71\x68\xd0\xbf\x6b\x44\x21\xdf\x9b\xf6\x62\x68\x12\
\xb8\xde\x80\x2c\x44\x7e\x27\x20\x70\xdd\x90\x6b\x71\xff\x84\xfb\
\x10\x1d\xc2\x7b\x57\x51\xc7\x8d\x8d\x1f\x83\xff\xa4\x3e\x87\xc9\
\x3d\x27\xa9\x8e\x42\x41\x47\xde\x8c\xc5\xbe\xf7\x6f\x9f\xdf\xdd\
\x94\xfa\xab\xcc\xd9\x00\xee\xf0\xb5\x0e\x91\xbf\xc5\x86\xc4\xe2\
\x81\xe4\x3f\x63\x61\xe2\x65\x10\xc2\xb4\x3b\x63\x93\x8d\x85\x3b\
\xc2\x31\xb3\xdf\x25\xd0\x84\xc0\xb6\xe2\xed\xbc\xb9\x10\xf9\x4b\
\x5c\xd2\x80\x41\x39\x79\xaf\xe6\x1d\xf2\xa5\x88\x01\xcb\xf6\xd2\
\x90\xa5\x08\x22\x7f\x1a\x1a\x3b\x04\xcf\xa7\x3e\x83\xc9\xbd\xf8\
\xdb\x1b\xf9\x46\x13\x1a\xbe\x3b\xec\x66\xfc\x79\xc2\xbd\x08\x77\
\x84\xab\x8e\x43\x41\xc2\x2b\x85\xcf\xbd\xd7\xa7\x5f\x7b\xa6\xae\
\x9a\xda\xdd\xe1\x0d\x3d\x0a\x80\xff\xea\x29\x60\x4c\xea\x39\x11\
\xf7\x4d\xb8\x87\x57\xf4\x23\xc3\xed\x29\xd9\x83\xdf\x6c\xfe\x3d\
\x8a\x5d\xc5\xaa\xa3\x90\xfd\x55\x3b\x5d\xa2\x5f\xf6\xe5\xd9\x25\
\x5d\x2d\xe0\xd3\x0a\x80\xc3\x13\xfa\x1d\xb0\xf9\x53\x00\x99\x37\
\x60\x2e\x1e\x9a\xf4\x20\x9b\x3f\x99\x62\x54\xdc\x28\x3c\x35\xed\
\x09\x24\x46\x0d\x54\x1d\x85\xec\x2f\xc2\x1b\x26\xaf\xf2\xa5\x80\
\x6f\xa7\x00\x04\x6e\xf0\xe9\xf1\x44\x7e\x22\x20\x70\xcb\xb0\x9b\
\xf1\xdb\xf3\x7f\x0d\xa7\xe0\xad\x2a\xc8\x3c\xfd\x22\xfb\xe1\xc9\
\x69\x4f\x60\x5c\xfc\x58\xd5\x51\xc8\xe6\x74\xe9\xdb\x1b\xf0\xbb\
\x7c\x0a\x60\xda\x8a\x19\x83\x34\x78\x0f\xf9\x52\x83\xc8\x1f\x1c\
\xc2\x81\xdf\x9f\xff\x5b\xcc\xea\x3f\x53\x75\x14\x0a\x22\x35\xde\
\x1a\xdc\xb3\xf5\x3e\xe4\x16\xf0\xee\xe8\x64\x1a\xa9\xc3\x31\xb8\
\xab\xd7\x04\xe8\xf2\x0a\x80\x26\x3d\xd7\x83\xcd\x9f\x2c\xce\x29\
\x9c\x58\x3c\xfe\x8f\x6c\xfe\xe4\x77\xe1\x8e\x70\xdc\x3f\xe1\x3e\
\xcc\xec\x77\x89\xea\x28\x64\x5f\xc2\x01\xef\xd5\x5d\x7d\x70\xd7\
\x4f\x01\x08\xf1\x9d\x2e\x3f\x96\xc8\x0f\x42\xb4\x10\xdc\x3b\x61\
\x31\x32\xfb\x64\xa8\x8e\x42\x41\x4a\x13\x1a\xee\xbe\xe0\xf7\xb8\
\xa4\xdf\xc5\xaa\xa3\x90\x4d\xe9\xc0\x35\x5d\x7d\x6c\x97\x7e\x83\
\x4f\x5b\x99\x76\xbe\xd4\xb5\x6d\x5d\x7d\x52\x22\xb3\x85\x3b\xc2\
\x71\x7f\xf2\x7d\xbc\x48\x0b\x59\x82\x2e\x75\xdc\xb7\xed\x7e\x7c\
\x74\xec\x63\xd5\x51\xc8\x86\x84\xd0\xc7\xac\x9b\xbb\x6e\x77\x67\
\x1f\xd7\xb5\x15\x00\x5d\xe3\x6f\xff\x64\x59\x21\x5a\x08\xfe\x92\
\x7c\x3f\x9b\x3f\x59\x86\x26\x34\xfc\xe1\x82\xdf\x21\xa3\x4f\xba\
\xea\x28\x64\x43\x3a\xb4\x6f\x77\xe5\x71\x5d\x1a\x00\x24\x70\x45\
\x57\x1e\x47\x64\x36\x87\x70\xe0\xde\xf1\x8b\x31\xb1\x67\xb2\xea\
\x28\x44\x4d\xd4\xbf\x1f\x85\x77\x13\x24\xa3\x09\x09\xff\x0c\x00\
\x69\x2b\xd3\xce\x07\x30\xbc\x2b\x4f\x46\x64\x26\x01\x81\x5f\x8f\
\xfb\x25\x52\x13\x52\x54\x47\x21\x6a\x91\x53\x38\x71\xcf\xf8\x3f\
\x61\x42\x8f\x09\xaa\xa3\x90\xbd\x8c\x48\x5f\x9e\x3e\xaa\xb3\x0f\
\xea\xf4\x00\xa0\x4b\x8d\xbf\xfd\x93\xe5\x08\x08\xfc\x7c\xec\xcf\
\x30\x77\xc0\x1c\xd5\x51\x88\xda\x14\xa2\x85\xe0\xbe\x09\x8b\x31\
\x28\x3a\x51\x75\x14\xb2\x11\x5d\x74\xbe\x37\x77\x7a\x00\x10\x12\
\x8b\x3a\xfb\x18\x22\xb3\xdd\x3c\xec\x26\x7c\x2b\xf1\x32\xd5\x31\
\x88\x3a\x24\x36\x24\x16\x0f\x4d\x7c\x10\xdd\xc3\xe2\x55\x47\x21\
\xdb\x90\xe6\x0e\x00\xe9\xcb\xd2\x87\x01\xe0\xe5\xad\xc8\x52\x66\
\xf4\x9d\x8e\xef\x0e\xbb\x49\x75\x0c\xa2\x4e\xe9\x17\xd9\x0f\x7f\
\x9d\xf8\x20\x6f\x20\x44\x46\xb9\x70\x5a\xd6\x8c\x21\x9d\x79\x40\
\xa7\x06\x00\x5d\xe3\xf2\x3f\x59\xcb\xb8\xf8\xb1\xf8\xc3\x05\xbf\
\x83\xe0\x35\xa9\x28\x00\x8d\xec\x36\x02\xf7\x8e\x5f\x0c\x87\xf0\
\xf9\xce\xec\x44\x10\xba\x7e\x79\x67\x8e\xef\xd4\x00\x20\x84\xe4\
\x1a\x2b\x59\x46\xdf\xc8\xbe\xb8\x3f\xf9\x3e\x84\x6a\xa1\xaa\xa3\
\x10\x75\xd9\xd4\xde\x17\xe1\xd6\xe1\xb7\xa8\x8e\x41\x76\x20\xe4\
\x82\xce\x1c\xde\xe1\x01\x20\x73\x59\x66\x4f\x29\x31\xb9\xf3\x89\
\x88\x8c\x17\xe1\x88\xc0\x43\x13\xff\x82\xf8\x50\x9e\x43\xa5\xc0\
\x77\xfd\x90\x6b\x31\xb5\xf7\x45\xaa\x63\x50\x80\x13\x40\xca\xe4\
\xb7\x2f\xee\xd1\xd1\xe3\x3b\x3c\x00\x78\x1c\xfa\x5c\x00\x5c\xa7\
\x22\x4b\xf8\xc5\xd8\x9f\x21\x29\x3a\x49\x75\x0c\x22\x43\x08\x08\
\xfc\xdf\x05\x7f\x40\xdf\xc8\xbe\xaa\xa3\x50\x60\x73\x84\x86\x79\
\x66\x75\xf4\xe0\x8e\x9f\x02\x90\x62\x5e\x97\xe2\x10\x19\xec\x8a\
\xa4\x45\x98\xdd\xbf\xc3\xff\xc6\x89\x02\x42\x4c\x48\x0c\xee\x19\
\xff\x27\x84\x68\x21\xaa\xa3\x50\x00\x13\x9d\xe8\xd5\x1d\x1a\x00\
\x92\x37\x27\x87\x00\xe0\x2b\x2e\x29\x37\x2a\x6e\x14\x7e\x34\xf2\
\x87\xaa\x63\x10\x99\x62\x54\xb7\x91\xf8\xf1\xa8\x3b\x54\xc7\xa0\
\x00\x26\x85\x9c\x93\xb9\x26\xd3\xd9\x91\x63\x3b\x34\x00\x84\x9f\
\x88\x4e\x05\x10\xe7\x53\x2a\x22\x1f\xc5\x86\xc4\xe2\xbe\xf1\x8b\
\xf9\x1b\x12\xd9\xda\xa2\x41\x97\x63\x7a\xdf\x4c\xd5\x31\x28\x70\
\x75\xf7\xd4\xa0\x43\x6f\x28\xe9\xd0\x00\x20\x34\x31\xdb\xb7\x3c\
\x44\xbe\xfb\xf9\xd8\xbb\x90\x10\x91\xa0\x3a\x06\x91\xe9\x7e\x31\
\xe6\xe7\xbc\x48\x10\x75\x99\xf0\xca\x0e\xad\xd8\x77\xf0\x3d\x00\
\x72\xa6\x2f\x61\x88\x7c\x35\xb3\xdf\x25\xb8\xb8\xef\x0c\xd5\x31\
\x88\xfc\xa2\x5b\x68\x2c\x7e\x35\xf6\x97\xaa\x63\x50\x80\x92\x02\
\x1d\xea\xd9\xed\x0e\x00\x93\xdf\xbe\xb8\x07\x24\x2e\xf4\x3d\x12\
\x51\xd7\xf4\x0a\xef\x89\xbb\xc6\xfc\x44\x75\x0c\x22\xbf\x4a\x4d\
\x48\xe1\xd0\x4b\x5d\x35\x29\x75\x79\x6a\xbb\x4b\x48\xed\xbe\x51\
\x20\x24\xdc\x7d\x09\xa4\xe8\xd2\x6d\x83\x89\x7c\x25\x20\xf0\xbb\
\xf3\x7f\x8b\xd8\x90\x58\xd5\x51\x6c\x49\x4a\x89\x53\x15\xa7\x50\
\x50\x7a\x12\x45\x95\x45\x28\xab\x2e\x43\x59\x4d\x19\x2a\x6b\xab\
\x50\xed\xaa\x86\xdb\xeb\x6e\x72\x7c\x64\x68\x04\x42\x1c\x21\x08\
\x0d\x09\x43\x7c\x64\x1c\x7a\x46\xf7\x40\x8f\xe8\x9e\xe8\x1e\x15\
\x8f\x9e\x31\x3d\x15\xfd\x29\xec\xeb\xae\x31\x3f\xc1\x17\xa7\xbf\
\x44\xb1\xab\x58\x75\x14\x0a\x2c\x0e\x48\x47\x26\x80\x77\xda\x3a\
\xa8\xdd\x01\x40\x48\x6d\x26\x20\x8d\x0a\x45\xd4\x29\x0b\x12\xe7\
\x63\x52\xcf\x89\xaa\x63\x04\xbc\x6a\x57\x35\x76\x1f\xdb\x83\xaf\
\x8f\x7f\x8d\x83\x85\x87\x70\xb0\xf0\x10\xf2\x4e\xe5\xa1\xa0\xac\
\x00\x1e\xaf\x07\xe7\x5e\x49\xb9\xc5\x4b\x2b\xb7\x73\xb5\xe5\xc8\
\xd0\x48\x24\xf6\x4c\x44\x52\x8f\x41\x18\xd4\x33\x11\x63\xfa\x8d\
\xc1\xb8\x01\x63\xd1\xa7\x5b\x1f\xe3\xfe\x20\x41\x26\x2e\x34\x0e\
\x77\x8d\xfa\x09\xfe\xb4\xed\x1e\xd5\x51\x28\xd0\xd4\x9d\x06\xf0\
\x6d\x00\x00\xe4\x25\x06\xc5\x21\xea\x94\xee\x61\xf1\xf8\xc1\x88\
\xdb\x55\xc7\x08\x48\x27\x4a\x0b\xb0\xe9\xc0\x26\x6c\x3a\xf8\x19\
\xb6\x1f\xd9\x81\x43\x85\x87\xe0\xd5\xbd\x2d\x1f\x6c\x40\xf3\x07\
\x80\x2a\x77\x15\xbe\x3a\xfe\x15\xbe\x3a\xfe\x55\x93\xed\xbd\x62\
\x7a\xe1\xfc\x01\xe3\x70\xd1\x90\x29\x98\x36\x74\x1a\xce\xeb\x35\
\xb8\x83\x7f\x0a\x02\x80\x9e\xa2\x27\x1c\x85\x0e\x78\x7b\xb5\xf2\
\xf7\x47\xd4\x02\x81\xf6\xdf\x07\xd0\xe6\x8f\x75\xea\xf2\xd4\xf3\
\x20\x1c\x07\x8c\x8b\x44\xd4\x71\x7f\xbc\xf0\x6e\xcc\xec\xc7\xf9\
\xb3\x23\xbc\xba\x17\x5b\x0e\x7f\x81\x35\xbb\xd7\xe0\x93\x3d\xd9\
\xc8\x3b\x95\xd7\xa1\xa6\x6d\x54\xf3\xef\xcc\x31\x7d\xba\xf5\x41\
\xfa\xf0\x34\xcc\x19\x3b\x1b\x93\x06\x4f\x86\x43\xe3\x19\xc6\x96\
\x9c\xac\x28\xc4\xe3\x6b\xfe\x81\x65\x3b\x96\x43\x42\x22\xac\x57\
\x18\x22\xfa\x47\xa8\x8e\x45\x01\x44\x73\xca\xc4\x9c\xd9\x39\x47\
\x5a\xdb\xdf\xe6\x0a\x80\x10\xce\x74\xc9\xe5\x7f\x52\x60\x52\xcf\
\x89\x6c\xfe\xed\x90\x52\x62\x6b\xfe\x36\xbc\xff\xc5\x32\xac\xdc\
\xbe\x0a\x25\x55\x25\x67\x77\x5a\xb4\xf9\x03\xc0\x89\xd2\x13\x58\
\xfa\xf9\x1b\x58\xfa\xf9\x1b\xe8\x11\xd5\x03\xb3\xc7\xce\xc2\xe5\
\x13\x16\x62\x6c\x7f\xde\x69\x1c\x00\x5c\x5e\x17\x5e\xda\xf4\x32\
\x9e\xdd\xf0\x3c\xaa\x5c\x55\x0d\xdb\x6b\x0b\x6b\x21\xa5\x44\xe4\
\x80\x48\x85\xe9\x28\x90\xe8\x1e\xa4\x01\x58\xd2\xda\xfe\x36\x07\
\x00\x29\x65\x1a\xef\xb2\x4a\xfe\x16\xaa\x85\xe2\xe7\x63\x7f\xa6\
\x3a\x86\x65\x95\x54\x95\xe0\xed\xcd\xef\xe0\xf5\x4f\x97\x22\xff\
\x74\x7e\xf3\x03\x2c\xdc\xfc\xcf\x7d\xce\xa2\xca\x22\xbc\xb6\xe9\
\x75\xbc\xf6\xd9\xeb\x18\xdb\x7f\x0c\xbe\x33\xf9\xdb\x98\x3b\x6e\
\x0e\xc2\x43\xc2\x3b\x50\xd8\x7e\x3e\xfe\xfa\x13\x3c\xfc\xf1\x23\
\xf8\xa6\xe4\x9b\xe6\x3b\x05\xe0\x3a\xed\x82\x10\x82\x2b\x01\xd4\
\x21\x02\x6d\x0f\x00\x6d\x9f\x02\x58\x91\xb1\x1f\xc0\x10\xa3\x43\
\x11\xb5\xe5\xfa\x21\xd7\xe2\xfb\x3c\xf7\xdf\xcc\xc1\xc2\x43\x78\
\x7e\xed\x0b\x58\xb1\x35\x0b\x35\xee\x9a\x96\x0f\x0a\xa0\xe6\xdf\
\xda\x31\x71\x91\x71\xb8\x71\xea\xf5\xb8\xee\xa2\xeb\x10\x13\x1e\
\xdd\x81\x27\x09\x7c\xfb\x0b\x0f\xe0\xaf\x1f\x3e\x84\x4f\x0f\x6f\
\x6a\xf9\x80\x73\xbe\x47\xa1\x3d\x42\xb9\x12\x40\x1d\xb1\x27\x77\
\xde\xda\xd1\xad\xed\x6c\xf5\x47\x38\x6d\x55\x5a\x5f\xe9\xd5\x8e\
\x99\x93\x89\xa8\x65\x71\xa1\x71\x78\x3d\xf3\x55\x44\x39\xa3\x54\
\x47\xb1\x8c\xaf\x8f\xef\xc5\x53\x9f\x3c\x8d\xd5\x3b\x3e\x80\x2e\
\xf5\xd6\xf5\x67\x4b\x0f\x00\x00\x20\x00\x49\x44\x41\x54\x0f\xb4\
\x41\xf3\x6f\x2c\x26\x3c\x06\x37\x4c\xbd\x0e\x37\x4d\xbb\xc9\xb6\
\x83\x40\x69\x75\x29\x9e\xc8\x79\x12\xff\xfb\x62\x69\xeb\x7f\xb7\
\xad\x7c\x8f\x38\x04\x50\x07\x48\xdd\xe9\xee\xb3\x61\xf6\x86\x93\
\x2d\xed\x6c\xf5\x14\x80\xf4\x6a\x99\x66\x25\x22\x6a\xcd\x77\x87\
\xdd\xc4\xe6\x7f\xc6\x89\xd2\x02\xfc\xfb\xa3\x27\xf1\xd6\xe6\xb7\
\x5b\x7f\x07\x7f\x3d\x9b\x35\x7f\x00\x28\xaf\x29\xc7\xbf\xb3\x9f\
\xc2\x92\xcf\x5e\xc7\x1d\x99\x3f\xc0\x35\x93\xaf\xb1\xcd\x1b\x06\
\x75\xa9\x63\xc5\xce\x2c\x3c\xf4\xd1\xc3\x28\xae\x2a\x86\x10\xad\
\x7e\xc3\x5a\xdd\xee\x2a\x72\x41\x68\x02\x11\xfd\x78\x3a\x80\x5a\
\x25\x1c\x9e\xb0\x34\x00\x6f\xb5\xb4\xb3\xd5\x01\x40\x48\x39\x4d\
\xb6\xf6\x8f\x92\xc8\x04\x03\xa3\x06\xe2\xb2\xc4\x05\xaa\x63\x28\
\x57\xe3\xae\xc1\xd3\x9f\x3c\x8b\x17\xd6\xfe\x07\xb5\xde\xda\xf6\
\x1f\x60\xc3\xe6\xdf\xf8\x98\x92\xaa\x12\x3c\x90\xf5\x20\xde\xfe\
\xe2\x5d\xfc\xdf\xfc\x3f\x60\x7c\x62\x60\x5f\x98\xf4\xb3\xbc\xcf\
\xf1\x97\x0f\xfe\x8a\x7d\x27\xf7\x01\x40\x97\x9a\x7f\xbd\xda\x53\
\xb5\x90\x3a\xdf\x18\x48\xad\xd3\xa1\xa7\xa0\xb3\x03\x80\x14\xa2\
\x43\x77\x13\x22\x32\xca\x0f\x46\xdc\x0e\xa7\xe8\xd0\x5d\x2c\x6d\
\x6b\xfd\xde\x0d\xb8\xe7\x9d\x7b\x91\x7f\xfa\x88\x69\x0d\x39\x90\
\x9a\x7f\x63\x5f\x9d\xf8\x0a\x37\xbe\x70\x13\x6e\x9c\x7a\x03\xee\
\x9c\x71\x27\xc2\x43\xc2\x3a\x50\xc8\x3a\x8e\x96\x1c\xc5\xc3\x1f\
\x3f\x82\x0f\xbf\xfa\xa8\x61\x9b\x2f\xcd\xbf\x9e\xab\x88\x6f\x0c\
\xa4\xd6\x09\x60\x4a\x1b\xfb\x9a\xcb\x5c\x93\x19\xee\xa9\x92\xa5\
\x00\x42\x4d\x4b\x45\xd4\xc8\xf0\x6e\xc3\xf1\x5c\xca\xd3\x2d\x37\
\xa7\x20\x50\xe5\xaa\xc2\x5f\xde\xff\x2b\xde\xf8\xec\xcd\xba\x0d\
\x6c\xfe\x6d\x1a\xdc\x2b\x09\x0f\x2e\x7a\x00\xe3\xfa\x8f\xeb\x40\
\x41\xb5\xaa\xdd\xd5\x78\x76\xfd\xf3\xf8\xef\xa6\x97\x50\xeb\x39\
\xbb\xa2\x63\x44\xf3\x6f\x5c\x27\xac\x47\x28\xc2\x79\x3a\x80\x9a\
\xab\x8d\x11\x91\xdd\x56\xce\x5d\xd9\x6c\x39\xb1\xc5\x13\x6a\xae\
\x0a\x39\x1e\x6c\xfe\xe4\x47\x37\x0f\xbd\x31\x68\x9b\xff\xd6\xbc\
\xad\xf8\xd6\xa3\x8b\xd8\xfc\x3b\x71\xcc\xa1\x53\x87\x71\xfd\xf3\
\x37\x61\xc9\x67\xaf\x75\xe0\x01\x6a\x48\x48\x2c\xdf\xb9\x02\xf3\
\x9e\xbc\x0c\xcf\xac\x7f\xd6\xd4\xe6\x0f\x00\xb5\xa7\x5d\xa8\x3e\
\x5a\xdd\xc5\xb4\x64\x63\x61\xa5\xa2\xea\xfc\x96\x76\xb4\xb8\xde\
\xea\xd0\x70\x11\x2f\xff\x43\xfe\x32\x24\x66\x08\x52\x13\x52\x54\
\xc7\x50\xe2\x95\xf5\xaf\xe2\xc1\xe5\x0f\xd5\x5d\x8f\x1f\x60\xf3\
\xef\xc4\x31\x6e\xaf\x1b\x7f\x5e\xf1\x00\xb6\x1e\xd9\x8a\x7b\x16\
\x2c\x46\x44\xa8\x75\x7e\xfb\xdd\x75\x7c\x17\xfe\xf2\xc1\x43\xd8\
\xfa\xcd\xd6\x66\xfb\xcc\x68\xfe\xf5\x5c\x45\x2e\x00\xe0\xe9\x00\
\x6a\xc2\xe1\xc5\x45\x00\x3e\x3f\x77\x7b\x2b\x27\x5c\xc5\x14\xde\
\x00\x88\xfc\xe5\xa6\xa1\x37\x04\xdd\x6f\xff\xb5\x9e\x5a\xdc\xfd\
\xc6\x1f\xb1\xec\xcb\xe5\x67\x37\xb2\xf9\x77\xe9\x98\xe5\xdb\xb3\
\x70\xf8\x54\x1e\x9e\xbc\xee\x09\xf4\x88\xee\xd1\x81\x42\xe6\x39\
\x55\x71\x0a\x8f\x67\xff\x13\xef\x6d\x7f\xbf\xc5\x8f\xf5\x99\xd9\
\xfc\xeb\x8f\x77\x15\xbb\x20\x04\x78\x3a\x80\x1a\x11\x53\x00\xfc\
\xf3\xdc\xad\x2d\x9e\x02\x90\x90\xbc\xfd\x1a\xf9\x45\x52\x74\x12\
\x32\xfa\xa4\xab\x8e\xe1\x57\xc5\x95\xc5\xb8\xf9\xe9\x5b\xd8\xfc\
\x0d\x3c\x66\xd7\xb1\xdd\xb8\xee\x85\x1b\x91\xd7\xd2\x95\x11\xfd\
\xc0\xed\x75\xe3\x3f\x1b\x5f\xc4\xfc\x27\x2f\xc3\x3b\xdb\xde\x55\
\xd6\xfc\xeb\xd5\x16\xf1\x74\x00\x9d\x25\x85\x9c\xdc\xd2\xf6\x66\
\xff\x92\xa6\x64\x4d\x89\x0d\x91\xe1\x25\x2d\xed\x23\x32\xda\x6f\
\xc6\xfd\x0a\xf3\x07\xce\x53\x1d\xc3\x6f\x8e\x14\x7d\x83\xef\x3d\
\x77\x7b\xdd\xcd\x7a\xea\xb1\xf9\xfb\x74\x8c\x80\x68\x38\xa6\x7b\
\x54\x3c\x9e\xbb\xe1\x19\x8c\xe8\x33\xa2\x03\x85\x8d\xb1\x76\x5f\
\x0e\x1e\xfa\xf0\x6f\xc8\x2b\xca\xf7\xa9\x69\x77\x64\x7b\x67\xeb\
\x84\x76\x0f\xe5\x75\x02\x08\x00\xa4\x5b\xd4\xc4\x6d\x9a\xbb\xa9\
\xac\xf1\xc6\x66\x2b\x00\xa1\x88\x1c\x0f\x36\x7f\xf2\x83\xd8\x90\
\x58\x5c\xd2\xef\x62\xd5\x31\xfc\x26\xef\x54\x1e\x6e\x78\xf2\x46\
\x36\x7f\x03\x8f\x69\xdc\xfc\x01\xa0\xa8\xb2\x18\xb7\xbe\x74\x1b\
\xf6\x9d\xdc\xdf\x81\xe2\xbe\x39\x5c\x94\x87\x3b\x5e\xff\x31\x7e\
\xf4\xbf\x3b\x2d\xd9\xfc\xeb\x4f\x07\xd4\x1c\xe7\x4a\x00\x41\x84\
\x88\x88\x66\x6f\x04\x6c\x36\x00\xe8\xba\x1c\xef\x9f\x3c\x14\xec\
\x2e\x4b\x9c\x8f\x70\x47\x70\xdc\xf4\xe5\x50\xe1\x21\xdc\xf0\xd4\
\xcd\x38\x51\x5a\x70\x76\x23\x9b\xbf\x4f\xc7\x9c\xdb\xfc\xeb\x15\
\x57\x95\xe0\xd6\x97\x6e\xc3\xa1\x53\x87\x3a\xf0\x24\x9d\x57\x5e\
\x53\x8e\xbf\x7e\xf0\x37\x7c\xeb\xa9\x45\xc8\xd9\xbf\xae\x3e\x4c\
\xcb\x19\x15\x36\xff\x7a\xb5\x45\x2e\x54\x1f\xe3\x10\x10\xec\x84\
\xb7\x79\x6f\x6f\x36\x00\x08\xc1\x01\x80\xcc\xe7\x10\x0e\x5c\x3e\
\xe8\x5b\xaa\x63\xf8\xc5\x89\xd2\x02\xdc\xfa\xdc\xed\x38\x59\xd6\
\xe8\x72\xdc\x6c\xfe\x3e\x1d\xd3\x5a\xf3\xaf\x77\xba\xe2\x34\x6e\
\x7d\xe9\x36\x14\x94\xb7\x78\x09\xf4\x2e\xd1\xa5\x8e\x65\x3b\x96\
\x63\xfe\x93\x0b\xf1\xf2\x67\xaf\xc0\xa3\xb7\xfd\xc9\x0d\x2b\x34\
\xff\x7a\xae\x62\x17\x6a\x38\x04\x04\x35\x09\x34\xbb\x84\x66\x4b\
\x6f\x02\xe4\x00\x40\xa6\x4b\x4b\x48\x45\xef\xf0\xde\xaa\x63\x98\
\xae\xa8\xb2\x08\xdf\x7d\xe6\x56\x1c\x2b\x6e\x74\x5f\x2d\x36\x7f\
\x9f\x8e\x69\xaf\xf9\xd7\x2b\x28\x3f\x89\xbb\xfe\xf7\x33\xd4\x78\
\x3a\x70\x39\xe5\x76\x6c\xce\xdf\x82\xab\x9f\xfb\x0e\x7e\xf7\xde\
\x1f\x70\xba\xf2\x74\xe3\x30\x2d\x67\xb4\x50\xf3\xaf\xaf\xe3\x2a\
\x71\x73\x08\x08\x62\x52\x34\xef\xed\x4d\x06\x80\x39\x59\x73\xc2\
\x00\x8c\xf4\x5b\x22\x0a\x5a\x0b\x13\x2f\x53\x1d\xc1\x74\x2e\x8f\
\x0b\x77\xbc\x78\x27\x0e\x15\x36\x5a\x8a\x66\xf3\xf7\xe9\x98\x8e\
\x36\xff\xfa\x63\xb6\x1f\xdd\x81\x3f\xbc\x7b\x37\xa4\xec\xda\xc7\
\x9a\x8f\x97\x1e\xc7\x2f\xde\xfe\x15\x6e\x7e\xe9\x16\x7c\x55\xf0\
\x75\x87\xb2\x5a\xb1\xf9\xd7\x73\x95\xb8\x51\x73\xa2\x95\x5b\x49\
\x93\xad\x09\x60\x74\xf2\xe6\xe4\x90\xc6\xdb\x9a\x0c\x00\x15\xa2\
\x62\x04\x80\x26\x07\x10\x19\xad\x57\x78\x2f\x4c\xe8\x61\xff\x85\
\xa6\x7b\xdf\xfd\x33\xb6\xe6\x35\xba\x10\x0c\x9b\xbf\x4f\xc7\x74\
\xb6\xf9\xd7\x5b\xb5\x6b\x35\x96\x7c\xde\xb9\x2b\x06\xd6\x7a\x6a\
\xf1\xfc\x86\x17\xb0\xf0\xe9\x45\x58\xbd\xfb\x83\x76\x9f\xa3\x61\
\xb3\x85\x9b\x7f\x3d\x57\x11\xdf\x18\x18\xa4\xc2\xa2\x4e\x44\x0d\
\x6d\xbc\xa1\xe9\x85\x80\xbc\x8e\xd1\x10\xbc\x00\x10\x99\x6b\xce\
\x80\x4b\xa1\x09\x7b\xdc\xd6\xb5\x35\x2f\xae\x7b\x09\x6f\x7e\xd6\
\xe8\x06\x5c\x6c\xfe\x3e\x1d\xd3\xd5\xe6\x5f\xef\xe1\x0f\x1e\x41\
\x72\xe2\x04\x8c\xec\xd3\xf6\x02\xa7\x84\xc4\xea\x5d\x1f\xe0\xef\
\x1f\x3f\x8a\xe3\x65\xc7\x3b\xf5\x1c\x81\xd0\xfc\xeb\x8f\x77\x95\
\xb8\x01\x00\xe1\x7d\xf9\x11\xc1\x60\x22\x85\x63\x34\x80\x3d\xf5\
\x5f\x37\x79\x15\xd6\x35\x39\xca\xef\x89\x28\xa8\x08\x08\xcc\xe9\
\x3f\x5b\x75\x0c\x53\x6d\xcb\xdf\x8e\x87\xb3\xfe\x7e\x76\x03\x9b\
\xbf\x4f\xc7\xf8\xda\xfc\x01\xc0\xa5\xbb\xf0\xcb\xb7\x7f\x83\x1a\
\x77\xeb\xcb\xdf\x7b\x4e\x7c\x85\x9b\xff\x7b\x0b\x7e\xf9\xf6\xaf\
\x6d\xdd\xfc\xeb\xb9\x4a\xdc\x5c\x09\x08\x32\xba\xd0\x47\x37\xfe\
\xba\xc9\x00\x20\x74\x8c\x06\x91\x89\xc6\xc5\x8f\xc5\x80\xa8\x01\
\xaa\x63\x98\xa6\xac\xba\x1c\x3f\x7f\xf5\x97\xbc\xb6\xbf\x41\xc7\
\x18\xd1\xfc\xeb\xf7\x1d\x3a\x75\x08\x4f\xac\xfd\x77\xb3\xdd\xc5\
\x55\xc5\x58\xbc\xe2\x5e\x7c\xfb\xb9\x6b\xb0\x25\xff\x0b\x4b\x37\
\x6d\xa3\xeb\xb8\x4a\xdc\xa8\x29\xe0\x7b\x02\x82\x85\x00\x5a\x1f\
\x00\x20\x38\x00\x90\xb9\x66\xf5\x9f\xa9\x3a\x82\xa9\xfe\xb2\xec\
\x41\x1c\x2d\x3e\x5a\xf7\x05\x9b\xbf\x4f\xc7\x18\xd9\xfc\xeb\xfd\
\xf7\xd3\x97\xf1\xf5\x99\x37\xf3\x79\x74\x0f\x5e\xda\xf4\x32\xe6\
\x3e\xb1\x00\x6f\x7e\xf1\x56\xdd\xe5\x7b\x03\xa0\x69\x1b\x5d\xc7\
\x55\xec\x42\xcd\x09\xae\x04\x04\x05\xd9\xb4\xc7\x37\xfc\xb3\x48\
\xde\x9c\x1c\x12\x51\x10\x5d\x09\xbe\x09\x90\x4c\xa2\x09\x0d\xef\
\xcc\x78\x0b\xdd\xc3\xe2\x55\x47\x31\x45\xce\x57\xeb\x70\xfb\x0b\
\x3f\xa8\xfb\x82\xcd\xdf\xa7\x63\xcc\x68\xfe\xf5\x2e\x1c\x70\x01\
\xbe\x9f\x7e\x3b\xfe\xf6\xe1\xdf\x9b\x5e\x2c\x28\x80\x9a\xb6\x19\
\x75\x42\xe3\x42\x10\xde\x87\xef\x09\xb0\xb9\x5a\x67\xa4\x88\xce\
\x9e\x9e\xed\x01\x1a\xbd\x09\x30\xbc\x30\xf6\x3c\x40\x67\xf3\x27\
\xd3\x8c\x8b\x1f\x6b\xdb\xe6\x5f\xe5\xaa\xc2\x9f\xde\x5e\x5c\xf7\
\x05\x9b\xbf\x4f\xc7\x98\xd9\xfc\x85\x10\xd8\x76\x74\x3b\xee\x78\
\xed\xc7\x1d\xab\x65\xf1\xa6\x6d\x64\x9d\xba\x37\x06\x0a\x84\xf7\
\x09\x8e\xab\x73\x06\xa9\x30\x4f\xa5\x27\x11\xc0\x41\xa0\xc9\x29\
\x00\xef\x10\x45\x81\x28\x48\xa4\x27\xd8\xf7\xae\x7f\x4f\x7d\xfc\
\x34\x8e\x97\x9c\x60\xf3\xf7\xf1\x18\xb3\x9b\x7f\xa7\x6a\x05\x61\
\x1d\x77\xa9\x1b\x35\x27\x7d\xbf\x70\x12\x59\x97\xae\x69\x0d\x1f\
\x05\x6c\x18\x00\x84\x2e\x86\xb6\x7c\x38\x91\x31\xd2\x12\x52\x54\
\x47\x30\x45\xfe\xe9\x7c\xbc\xb8\xee\x25\x36\x7f\x1f\x8f\x61\xf3\
\xb7\x46\x1d\x77\xb1\x8b\x17\x0b\xb2\x31\x07\x44\xc3\x2f\xfb\x8d\
\xdf\x04\xc8\x15\x00\x32\xcd\xf0\x6e\xc3\xd1\x37\xb2\xaf\xea\x18\
\xa6\xf8\xdb\x8a\xbf\xc3\xe5\x75\xb5\x7f\x20\x9b\x7f\x1b\xbb\xd9\
\xfc\xad\x54\xc7\x5d\xca\x4f\x07\xd8\x95\xd4\x5b\x18\x00\x84\x04\
\x57\x00\xc8\x34\x17\xf5\x9a\xa2\x3a\x82\x29\x76\x7d\xb3\x0b\x1f\
\xed\xfe\xb8\xfd\x03\xd9\xfc\xdb\xd8\xcd\xe6\x6f\xc5\x3a\x1c\x02\
\xec\x49\x0a\xbd\xf9\x29\x00\x29\x38\x00\x90\x79\x92\x7b\x4c\x50\
\x1d\xc1\x14\x8f\xac\x7e\xac\xfd\xeb\xcc\xb3\xf9\xb7\xb1\x9b\xcd\
\xdf\xca\x75\x38\x04\xd8\x8f\x68\x76\x0a\x60\x31\x34\x00\x49\x8a\
\xf2\x90\xcd\x85\x3b\xc2\x31\x2e\x7e\xac\xea\x18\x86\xdb\xf1\xcd\
\x4e\xac\xdf\xbb\xa1\xed\x83\xd8\xfc\xdb\xd8\xcd\xe6\x1f\x08\x75\
\xdc\xa5\x6e\xd4\x14\xf2\x8d\x81\x36\x72\x1e\x64\xdd\xdf\xb4\x06\
\x00\x69\x17\xa5\x25\x00\x08\x55\x1a\x89\x6c\xeb\xc2\xee\x17\x20\
\x44\xb3\xdf\x27\x4c\x9f\xcb\x7e\xbe\xed\x03\xd8\xfc\xdb\xd8\xcd\
\xe6\x1f\x48\x75\xdc\x25\x2e\xd4\x9c\xe4\x4a\x80\x4d\x44\x66\x2e\
\xcf\xec\x01\xd4\xaf\x00\xb8\x31\x50\x69\x1c\xb2\xb5\xe4\x9e\xf6\
\x5b\xfe\xcf\x3f\x7d\x04\x1f\xed\x6a\xe3\xdc\x3f\x9b\x7f\x1b\xbb\
\xd9\xfc\x03\xb1\x4e\xdd\x47\x04\x39\x04\xd8\x81\xee\xd0\x07\x02\
\xf5\x03\x80\xe6\xe4\x00\x40\xa6\xb1\xe3\xf9\xff\xa5\x9b\xde\x80\
\x57\xf7\xb6\xbc\x93\xcd\xbf\x8d\xdd\x6c\xfe\x81\x5c\xc7\x5d\xea\
\x46\x2d\x4f\x07\x04\x3c\xaf\x8e\xb3\x03\x80\x2e\x25\x07\x00\x32\
\x45\xb8\x23\x1c\xe7\xc5\x9c\xa7\x3a\x86\xa1\xdc\x5e\x37\xde\xd9\
\xf2\x4e\xcb\x3b\xd9\xfc\xdb\xd8\xcd\xe6\x6f\x87\x3a\x1c\x02\x6c\
\x40\xd3\x12\x81\x33\x03\x80\x00\xec\x7b\x7b\x36\x52\x6a\x44\xb7\
\xe1\x70\x08\x87\xea\x18\x86\xfa\x78\xd7\x27\x38\x5d\x51\xd4\x7c\
\x07\x9b\x7f\x1b\xbb\xd9\xfc\xed\x54\x87\x43\x40\x60\x13\x67\x7e\
\xe9\xaf\x1b\x00\x04\x07\x00\x32\xc7\xe8\x38\xfb\xdd\x60\xf2\xbd\
\x2f\xde\x6f\xbe\x91\xcd\xbf\x8d\xdd\x6c\xfe\x76\xac\xe3\x2e\xe3\
\x10\x10\xc0\x1a\x9d\x02\x80\xb4\xe7\x25\xda\x48\xb9\x31\x36\x1b\
\x00\xca\xaa\xcb\xb0\x7e\xdf\x39\x1f\xfd\x63\xf3\x6f\x63\x37\x9b\
\xbf\x2d\xeb\x9c\xd9\xc4\x21\x20\x60\xf5\x01\xce\x9e\x02\x48\x50\
\x9b\x85\xec\x6a\x54\xdc\x48\xd5\x11\x0c\xf5\xc1\xce\x0f\xe1\xf2\
\x34\xba\xec\x2f\x9b\x7f\x1b\xbb\xd9\xfc\x6d\x59\xe7\x9c\x4d\x1c\
\x02\x02\x52\x02\x70\xf6\x4a\x80\x1c\x00\xc8\x70\x71\xa1\x71\xe8\
\x1d\xde\x5b\x75\x0c\x43\x7d\xb2\x7b\xcd\xd9\x2f\xd8\xfc\xdb\xd8\
\xcd\xe6\x6f\xcb\x3a\xad\x1c\xeb\x2e\x77\xa3\xf6\x14\x87\x80\x00\
\xd2\x1b\x00\xb4\x31\x4b\xc7\x84\x02\xe8\xa6\x38\x0c\xd9\xd0\xe0\
\x98\x24\xd5\x11\x0c\xe5\xf2\xb8\xf0\xe9\xfe\x4d\x75\x5f\xb0\xf9\
\xb7\xb1\x9b\xcd\xdf\x96\x75\xda\xa9\xe1\x2e\xe3\x10\x10\x40\x7a\
\x24\x6f\x4e\x0e\xd1\x7a\x45\xf7\xea\x8d\x8e\xfd\xb8\x12\x75\x4a\
\x52\x74\x92\xea\x08\x86\xfa\xec\xe0\xe7\xa8\x72\x55\xb1\xf9\xb7\
\xb9\x9b\xcd\xdf\x96\x75\x3a\x58\x83\x43\x40\xc0\x10\x91\xa7\x22\
\x7b\x6a\x1e\x5d\x70\xf9\x9f\x4c\x31\xd8\x66\x03\xc0\x86\x7d\x1b\
\xd9\xfc\xdb\xdc\xcd\xe6\x6f\xcb\x3a\x9d\xac\xe1\x29\xf7\xc0\xc5\
\x21\xc0\xf2\xa4\xdb\xd9\x5b\x13\x40\x4f\xd5\x41\xc8\x9e\x06\xc7\
\x0c\x56\x1d\xc1\x50\x9b\x0f\x6f\x6e\xff\x20\x36\xff\xae\xd7\x09\
\xe4\x26\x69\xd7\x3a\x5d\xac\xe1\xe6\x10\x60\x7d\x42\xf6\xd2\x00\
\x19\xaf\x3a\x07\xd9\xd3\xa0\xe8\x44\xd5\x11\x0c\x53\xe5\xaa\xc2\
\xae\xa3\xbb\xdb\x3e\x88\xcd\xbf\xeb\x75\x02\xb9\x49\xda\xb5\x8e\
\x8f\x35\x38\x04\x58\x9b\xd0\x10\xa7\xe9\x02\x71\xaa\x83\x90\xfd\
\x44\x3a\x23\x11\x1f\x6a\x9f\xd9\x72\xfb\x91\x1d\xad\x5f\xfb\x1f\
\x60\xf3\xf7\xa5\x4e\x20\x37\x49\xbb\xd6\x31\x28\x8b\xbb\xc2\x83\
\xda\xd3\x1c\x02\xac\x49\xc6\x6b\x02\x1c\x00\xc8\x78\x7d\x22\xec\
\xf5\xd6\x92\x5d\x47\x77\xb5\xbe\x93\xcd\xbf\xeb\x75\x02\xb9\x49\
\xda\xb5\x8e\xc1\x59\x3c\xe5\x1e\xb8\x38\x04\x58\x8f\x44\x9c\x06\
\xe8\xfc\x08\x20\x19\x2e\x21\xdc\x5e\x03\xc0\xee\xa3\x7b\x5a\xde\
\xc1\xe6\xdf\xf5\x3a\x81\xdc\x24\xed\x5a\xc7\xa4\x2c\x6e\x0e\x01\
\x96\x23\x85\xe8\xc6\x15\x00\x32\x45\xef\x08\x7b\x5d\x00\xe8\xeb\
\xe3\x5f\x37\xdf\xc8\xe6\xdf\xf5\x3a\x81\xdc\x24\xed\x5a\xc7\xe4\
\x2c\xee\x0a\x0f\x5c\x45\x1c\x02\x2c\x43\x22\x4e\x93\x42\x70\x00\
\x20\xc3\x25\xd8\x68\x00\xf0\xea\x5e\xe4\x9d\xce\x6f\xba\x91\xcd\
\xbf\xeb\x75\x02\xb9\x49\xda\xb5\x8e\x9f\xb2\xb8\xcb\x39\x04\x58\
\x87\x8c\xd7\x20\x11\xad\x3a\x06\xd9\x8f\x9d\x2e\x01\x7c\xb4\xf8\
\x28\xdc\x5e\xf7\xd9\x0d\x6c\xfe\x5d\xaf\x13\xc8\x4d\xd2\xae\x75\
\xfc\x9c\x85\x43\x80\x35\x48\xc8\x28\x0d\x52\x46\xa8\x0e\x42\xf6\
\x13\x1f\x66\x9f\x4f\x00\x1c\x2c\x3c\x74\xf6\x0b\x36\xff\xae\xd7\
\x09\xe4\x26\x69\xd7\x3a\x8a\xb2\x78\x2a\xbc\x70\x15\xb9\x5a\xde\
\x49\x7e\xa1\x41\x44\x68\x42\x13\x91\xaa\x83\x90\xfd\xc4\x84\xc4\
\xa8\x8e\x60\x98\xa3\x45\x47\xeb\xfe\x87\xcd\xbf\xeb\x75\x02\xb9\
\x49\xda\xb5\x8e\xe2\x2c\x9e\x0a\x0f\x87\x00\x85\xa4\x44\xa4\x26\
\x25\xb8\x02\x40\x86\xeb\x16\x12\xab\x3a\x82\x61\x0a\xca\x0a\xd8\
\xfc\x7d\xa9\x13\xc8\x4d\xd2\xae\x75\x2c\x92\x85\x43\x80\x42\x02\
\x11\x1a\x00\xae\x00\x90\xe1\x62\x6d\x34\x00\x9c\x2c\x2f\x6c\xf2\
\x35\x9b\x7f\x27\xea\x04\x72\x93\xb4\x6b\x1d\x2b\x65\x01\xe0\xa9\
\xf4\xc0\x55\xcc\x21\x40\x81\x48\x0d\xe0\x0a\x00\x19\x4b\x13\x1a\
\x22\x9d\xf6\x99\x2b\x0b\x1b\x0d\x00\x6c\xfe\x9d\xa8\x13\xc8\x4d\
\xd2\xae\x75\xac\x94\xa5\xd1\xf1\x9e\x0a\x0e\x01\xfe\x26\x51\xb7\
\x02\x10\xae\x3a\x08\xd9\x4b\xb4\x33\x1a\x9a\xd0\x54\xc7\x30\x4c\
\x45\x6d\x25\x00\x36\xff\x4e\xd5\x09\xe4\x26\x69\xd7\x3a\x56\xca\
\xd2\xc2\xf1\x1c\x02\xfc\x4b\x9c\x19\x00\x42\x54\x07\x21\x7b\x09\
\x77\xd8\x6b\xa6\xac\x71\x55\xb3\xf9\x77\xa6\x8e\x45\x1a\x0a\xeb\
\x58\x34\x4b\x1b\xc7\xf3\x74\x80\xff\x08\x01\xa7\x06\xc0\xa1\x3a\
\x08\xd9\x4b\x88\xe6\x54\x1d\xc1\x50\x35\xee\x9a\xe6\x1b\xd9\xfc\
\x3b\xb5\x2f\x20\x9a\xa4\x5d\xeb\x58\x29\x4b\x07\xea\x70\x08\xf0\
\x0f\x29\xe1\xe0\x00\x40\x86\x73\x6a\xf6\x5a\x54\xaa\x76\x9d\x33\
\x00\xb0\xf9\x77\x6a\x9f\xea\x86\x12\xd4\x75\xac\x94\xa5\x13\x75\
\x38\x04\xf8\x81\xe4\x0a\x00\x99\xc0\x7e\x2b\x00\xd5\x67\xbf\x60\
\xf3\xef\xd4\x3e\xab\x34\x94\xa0\xac\x63\xa5\x2c\x5d\xa8\xe3\xad\
\xf2\xc2\x5d\xe2\x6e\x79\x27\xf9\x4e\x70\x05\x80\x4c\x10\x22\x6c\
\xb6\x02\x50\x7f\x0a\x80\xcd\xbf\x53\xfb\xac\xd6\x50\x82\xaa\x8e\
\x95\xb2\xf8\x50\xc7\x53\xe9\xe1\x10\x60\x1e\xae\x00\x90\xf1\x1c\
\x36\x5a\x01\xf0\x78\x3d\xf0\x78\x3d\x6c\xfe\x9d\xdc\x67\xd5\x86\
\x12\x14\x75\xac\x94\xc5\x80\x3a\x1c\x02\x4c\xe3\xb0\xcf\x67\xb5\
\x88\xcc\xc2\xe6\xdf\xa9\x7d\x56\x6f\x28\xb6\xae\x63\xa5\x2c\x06\
\xd6\xf1\x54\x79\xe0\x2e\xe5\x10\x60\x34\x0d\x80\x57\x75\x08\xb2\
\x17\xaf\xee\x51\x1d\xc1\x30\x4e\x87\x13\x4e\x47\x3b\x2b\x1a\x6c\
\xfe\x67\x37\x07\x48\x43\xb1\x65\x1d\x2b\x65\x31\xa1\x8e\xa7\x92\
\x43\x80\xc1\xbc\x1c\x00\xc8\x70\x6e\x69\xaf\x1f\xd2\x88\x90\x36\
\xae\x6b\xc0\xe6\x7f\x76\x73\x80\x35\x14\x5b\xd5\xb1\x52\x16\x13\
\xeb\x70\x08\x30\x94\x87\x03\x00\x19\xce\x6d\xa3\x15\x00\x00\x08\
\x0f\x69\xe5\x6a\xd9\x6c\xfe\x67\x37\x07\x68\x43\xb1\x45\x1d\x2b\
\x65\xf1\x43\x1d\x9e\x0e\x30\x88\xe4\x0a\x00\x99\xc0\xa3\xdb\xeb\
\x87\xb3\xc5\x15\x00\x36\xff\xb3\x9b\x03\xbc\xa1\x04\x74\x1d\x2b\
\x65\xf1\x63\x1d\x0e\x01\x06\x10\x75\x2b\x00\xf6\xfa\x75\x8d\x94\
\xb3\xdb\x0a\x40\x44\xe8\x39\x2b\x00\x6c\xfe\x67\x37\xdb\xa4\xa1\
\x04\x64\x1d\x2b\x65\x51\x50\x87\x43\x80\x6f\x84\xa8\x5b\x01\xb0\
\xd7\xab\x35\x29\x57\xe3\x6d\xe1\xd2\xb9\x01\xac\xc9\x29\x00\x36\
\xff\xb3\x9b\x2d\xd2\x08\x82\xb2\x8e\x95\xb2\x28\xac\xe3\xad\xf6\
\xc2\xc3\x21\xa0\x4b\xa4\xac\x5b\x01\xb0\xd7\xab\x35\x29\x57\xe1\
\xa9\x80\x2e\x75\xd5\x31\x0c\x13\x1d\x1e\x55\xf7\x3f\x6c\xfe\x67\
\x37\x5b\xac\x11\x04\x55\x1d\x2b\x65\xb1\x40\x1d\x0f\x87\x80\x2e\
\x91\x40\xb5\x06\xa0\xba\xdd\x23\x89\x3a\x41\x97\x3a\x2a\x3d\x95\
\xaa\x63\x18\xa6\x57\x4c\x2f\x36\xff\xc6\x9b\x2d\xda\x08\x82\xa2\
\x8e\x95\xb2\x58\xa8\x8e\xa7\xda\x0b\x4f\x19\x87\x80\xce\x10\x67\
\x06\x80\x2a\xd5\x41\xc8\x7e\xca\xdc\xe5\xaa\x23\x18\x26\xa1\x5b\
\xef\xf6\x0f\x62\xf3\x67\x1d\xb3\xeb\x58\x29\x8b\x05\xeb\x70\x08\
\xe8\xb4\x2a\x4d\x08\xae\x00\x90\xf1\xca\xdc\x65\xaa\x23\x18\xa6\
\x77\x4c\x3b\x03\x00\x9b\x3f\xeb\x98\x5d\xc7\x4a\x59\x2c\x5c\x87\
\x43\x40\x27\x48\x54\x6b\x52\x97\x5c\x01\x20\xc3\x95\xbb\xec\xb3\
\x02\xd0\x3f\xbe\x7f\xeb\x3b\xd9\xfc\x59\xc7\xec\x3a\x56\xca\x12\
\x00\x75\x38\x04\x74\x8c\x10\xa8\xd2\x20\x04\x07\x00\x32\x5c\xb1\
\xab\x58\x75\x04\xc3\x0c\xee\x99\xd4\xf2\x0e\x36\x7f\xd6\x31\xbb\
\x8e\x95\xb2\x04\x50\x1d\x4f\x8d\x17\x9e\x72\x0e\x01\x6d\x91\x40\
\x95\x06\xa0\x42\x75\x10\xb2\x9f\x82\xea\x02\xd5\x11\x0c\xd3\x3f\
\xbe\x3f\x42\x1c\xe7\xdc\xe2\x98\xcd\x9f\x75\xcc\xae\x63\xa5\x2c\
\x01\x58\xc7\x53\xcd\x21\xa0\x2d\x42\x8a\x4a\x0d\x12\x25\xaa\x83\
\x90\xfd\x9c\xac\x29\x54\x1d\xc1\x30\x0e\xcd\x81\xc4\x1e\x89\x67\
\x37\xb0\xf9\xb3\x8e\xd9\x75\xac\x94\x25\x80\xeb\x70\x08\x68\x8b\
\x5e\xac\x09\xc1\x01\x80\x8c\x67\xa7\x15\x00\x00\x18\xdd\x77\x54\
\xdd\xff\xb0\xf9\xb3\x8e\xd9\x75\xac\x94\xc5\x06\x75\xbc\x35\x3a\
\xdc\x15\xbc\xde\xdd\xb9\xa4\x40\x89\x26\xa5\x2c\x55\x1d\x84\xec\
\xc7\x6e\x03\xc0\xa8\x7e\x23\xd9\xfc\x03\xbc\x11\x04\x44\x1d\x2b\
\x65\xb1\x51\x1d\xbd\xda\x0b\x4f\x39\x87\x80\xc6\xa4\xd4\x4a\x35\
\xc9\x15\x00\x32\x41\x41\xcd\x49\xd5\x11\x0c\x35\xba\xdf\xe8\x16\
\xb7\xb3\xf9\xb3\x8e\x61\x75\xac\x94\xc5\x86\x75\xbc\x35\x1c\x02\
\x9a\xd2\x8b\x35\x70\x00\x20\x13\x54\x79\xaa\x6c\xf5\x49\x80\xf3\
\x07\x8c\x83\xd3\xe1\x6c\xb2\x8d\xcd\x9f\x75\x0c\xab\x63\xa5\x2c\
\x36\xae\xe3\xad\xf5\xc2\xc3\xd3\x01\x00\x00\x4d\x38\x4a\x34\x09\
\xd8\xe7\x55\x9a\x2c\xe5\x70\x79\x9e\xea\x08\x86\x89\x08\x8d\xc0\
\xe8\xbe\x67\x57\x01\xd8\xfc\x59\xc7\xb0\x3a\x56\xca\x12\x04\x75\
\xbc\x35\x1c\x02\x00\x40\x4a\x59\xaa\x39\xbc\xf2\x94\xea\x20\x64\
\x4f\x87\x2a\x0e\xa9\x8e\x60\xa8\x49\x83\x93\x01\xb0\xf9\xb3\x8e\
\x81\x75\xac\x94\x25\x88\xea\x70\x08\x00\x84\xc3\x7b\x52\xf3\x20\
\xc4\x5e\xef\xd6\x22\xcb\x38\x5c\x61\x9f\x15\x00\x00\x98\x3a\x64\
\x2a\x9b\x3f\xeb\x18\x57\xc7\x4a\x59\x82\xb0\x4e\xb0\x9f\x0e\x70\
\xb9\x42\x0b\x34\x57\xdf\xd2\x93\x00\xa4\xea\x30\x64\x3f\x87\xca\
\x6d\xb6\x02\x90\x34\x11\x91\xa1\x91\x75\x5f\xb0\xf9\xb3\x8e\x2f\
\x75\xac\x94\x25\x88\xeb\x04\xf1\x10\xa0\x47\xc4\x7a\x4f\x6b\x5b\
\x26\x6e\x71\x83\xef\x03\x20\x13\x1c\xaa\x38\xac\x3a\x82\xa1\x42\
\x9d\xa1\xb8\x68\xc8\x14\x36\x7f\xd6\xf1\xad\x8e\x95\xb2\xb0\x0e\
\xbc\xb5\x5e\xb8\x2b\x83\x6e\x08\x38\x9d\x3d\x3d\xdb\xa3\x9d\xf9\
\xc2\x5e\x9f\xd9\x22\x4b\x28\x75\x95\xe2\xa4\xcd\x3e\x0e\x38\x63\
\xd4\xf4\xf6\x0f\x62\xf3\x67\x9d\xd6\xea\x58\x29\x0b\xeb\x34\x90\
\xb5\x3a\xbc\x95\xde\x56\x1e\x64\x4b\x05\x00\x70\x66\x00\x90\x7c\
\x1f\x00\x99\x62\x77\xc9\x1e\xd5\x11\x0c\x35\x6b\xcc\x4c\x84\x39\
\xc3\x5a\x3f\x80\xcd\x9f\x75\x5a\xab\x63\xa5\x2c\xac\xd3\xac\x8e\
\xb7\xd6\x1b\x34\x43\x80\x3c\xf3\x4b\xbf\x06\x00\x02\xda\x09\xb5\
\x71\xc8\xae\x76\x97\xec\x56\x1d\xc1\x50\xd1\x61\xd1\x48\x19\x36\
\xad\xe5\x9d\x6c\xfe\xac\xd3\x5a\x1d\x2b\x65\x61\x9d\x56\xeb\x04\
\xcb\x10\x20\x9a\xac\x00\x08\xfd\x88\xd2\x34\x64\x5b\x76\x5b\x01\
\x00\x80\xcb\x2e\x98\xdf\x7c\x23\x9b\x3f\xeb\xb4\x56\xc7\x4a\x59\
\x58\xa7\xdd\x3a\x5e\x97\x17\xde\x2a\xbb\x0f\x01\x32\x0f\x38\x33\
\x00\x48\x29\x38\x00\x90\x29\xbe\x2a\xfd\x1a\x1e\x69\xaf\x37\xd8\
\xcc\x18\x39\x03\xbd\x62\x7a\x9d\xdd\xc0\xe6\xcf\x3a\xad\xd5\xb1\
\x52\x16\xd6\xe9\x70\x1d\x6f\xad\xcd\x87\x80\x33\x3d\xbf\x6e\x05\
\x40\x07\x07\x00\x32\x45\xad\xb7\x16\x07\xcb\x0e\xaa\x8e\x61\x28\
\xa7\xc3\x89\x85\x17\x2e\xa8\xfb\x82\xcd\x9f\x75\x5a\xab\x63\xa5\
\x2c\xac\xd3\xe9\x3a\xb6\x1e\x02\x34\x9c\x1d\x00\x74\x27\xbe\x51\
\x9b\x86\xec\x6c\xcb\xe9\x2f\x55\x47\x30\xdc\xd5\x93\xae\x86\xc3\
\xa1\xb5\x7f\x20\x9b\x7f\x70\xd6\xb1\x52\x16\xd6\xe9\x5a\x1d\x51\
\x77\x3a\xc0\x53\x65\xaf\x15\x4c\x00\xd0\x1b\xaf\x00\x84\xea\x3c\
\x05\x40\xe6\xd9\x7c\x7a\xb3\xea\x08\x86\x1b\x10\xdf\x1f\xb3\x46\
\xcf\x6a\xfb\x20\x36\xff\xe0\xac\x63\xa5\x2c\xac\xd3\xb5\x3a\x8d\
\xb6\xe9\x2e\xdd\x76\x43\x80\x74\xd4\xe6\x03\x67\x06\x80\xec\xcf\
\xb3\x4f\x02\xa8\x55\x9a\x88\x6c\x6b\x7b\xd1\x0e\xb8\x75\xb7\xea\
\x18\x86\xbb\x3d\xfd\x7b\x9d\x7f\x71\x6a\xd8\xcd\xe6\x6f\xcb\x3a\
\x56\xca\xc2\x3a\x5d\xab\xd3\xc2\x36\xe9\x92\xf0\x56\xdb\x66\x08\
\xa8\xda\x78\xe9\xc6\x22\xa0\xfe\x3d\x00\x8b\xa1\x03\x38\xac\x30\
\x10\xd9\x58\x8d\xb7\x06\x3b\x8a\x77\xa8\x8e\x61\xb8\x11\x7d\x46\
\x20\x65\x68\x4a\xf3\x1d\x6c\xfe\xc1\x59\xc7\x4a\x59\x58\xa7\x6b\
\x75\x5a\xfc\x6b\xad\xfb\x79\xd5\xed\x33\x04\x34\xbc\x29\xab\xe1\
\x24\xa6\x90\x38\xa0\x26\x0b\x05\x83\xcd\xa7\xbe\x50\x1d\xc1\x14\
\x3f\xbd\xf8\xce\xa6\x2f\x30\x6c\xfe\xc1\x59\xc7\x4a\x59\x58\xa7\
\x6b\x75\xda\x68\xfe\xf5\x6c\x32\x04\xec\xaf\xff\x9f\x86\x01\x40\
\x8a\xb3\x1b\x89\x8c\xf6\x69\xe1\x26\xd5\x11\x4c\x31\xa6\xdf\x68\
\xcc\x1c\x75\x49\xdd\x17\x6c\xfe\xc1\x59\xc7\x4a\x59\x58\xa7\x6b\
\x75\x3a\xd0\xfc\xeb\xe9\xee\x00\x1f\x02\xa4\x68\xf8\x65\xbf\xf1\
\xdb\x98\xb9\x02\x40\xa6\xd9\x57\xb6\x0f\xc7\xaa\x8e\xa9\x8e\x61\
\x8a\x5f\xcc\xfa\x19\xc2\x42\xda\xb8\x3c\x30\xd8\xfc\x6d\x5b\xc7\
\x4a\x59\x58\xa7\x6b\x75\x3a\xd1\xfc\xeb\xb7\x05\xf2\x10\x20\x34\
\xd9\x7c\x00\x90\x9a\xe4\x0a\x00\x99\x6a\x5d\x41\xae\xea\x08\xa6\
\x18\xd8\x7d\x20\x6e\x9a\x76\x63\xab\xfb\xd9\xfc\x6d\x5a\xc7\x4a\
\x59\x58\xa7\x6b\x75\xba\xd0\xfc\xeb\x05\xea\x10\xa0\xcb\x16\x4e\
\x01\x08\x5d\xe7\x00\x40\xa6\x5a\x7b\x22\x47\x75\x04\xd3\x7c\x3f\
\xed\x36\xf4\xed\xd6\xb7\xd9\x76\x36\x7f\x9b\xd6\xb1\x52\x16\xd6\
\xe9\x5a\x1d\x1f\x9a\x7f\x3d\xdd\x23\xe1\xad\x09\xac\x21\x40\x48\
\x6f\xf3\x15\x80\xea\x84\xea\x43\x00\x5c\x4a\x12\x51\x50\xd8\x55\
\xb2\x1b\x45\xb5\x45\xaa\x63\x98\x22\x22\x34\x02\xf7\x5c\xf6\xa7\
\x26\x2f\x40\x6c\xfe\xd6\xac\x33\xb6\xcf\x18\xfc\x6b\xe1\x3f\x30\
\xb8\x7b\x52\xd7\xea\x58\xf0\xcf\xc4\x3a\xfe\x6f\xfe\x4d\x4e\x07\
\xd4\x04\xcc\x15\x03\x6b\x9d\x51\xce\xfc\xfa\x2f\x1c\xf5\xff\x73\
\xfc\x99\xe3\x7a\xe2\x75\x49\xd7\x00\xe8\xd5\xe2\xc3\x88\x7c\x24\
\x21\xd1\x3f\xaa\x1f\x46\x76\x1b\xa9\x3a\x8a\x29\x12\xbb\x27\xe2\
\x44\xe9\x09\xec\x39\xbe\x87\xcd\xdf\xa2\x75\x34\xa1\xe1\xd1\xcb\
\x1e\x41\xf2\x80\x09\xb8\x72\xdc\x15\x88\x0d\x8b\xc5\x8e\x82\x9d\
\x70\x79\x9b\xff\xee\xc3\xe6\x6f\xd3\x3a\x06\x36\xff\x06\x3a\x20\
\xa5\x84\xe6\xec\xc0\xd5\x41\xd5\xda\x9d\x33\x6b\xed\xbf\xeb\xbf\
\x68\x9a\x56\xc2\x5e\xf7\x6e\x25\xcb\x59\x7d\xf4\x43\xd5\x11\x4c\
\xf5\xeb\xd9\xbf\xc2\xc0\xf8\x81\x6c\xfe\x16\xad\x73\xf5\xf9\x57\
\x61\x74\xef\x51\x00\x00\xa7\xe6\xc4\xf5\x13\xae\xc3\xfb\x37\xbd\
\x83\x45\x63\x2f\x87\x26\xce\xbe\x1c\xb2\xf9\xdb\xb4\x8e\x09\xcd\
\xbf\xfe\xf1\xd2\x13\x10\x2b\x01\xbb\x1a\x7f\xd1\x64\x00\x90\x1a\
\x07\x00\x32\xd7\xae\xe2\x5d\x38\x52\x69\xdf\x2b\x4f\xc7\x84\x47\
\xe3\xef\x57\x3d\x84\x10\x47\x48\xdb\x07\xb2\xf9\xfb\xbd\x4e\xbf\
\xd8\x7e\xf8\xf1\xb4\x3b\x9a\xed\x8e\x8f\x88\xc7\x1f\x2f\xbe\x1b\
\x4b\xae\x79\x05\x13\xfa\x8f\x67\xf3\xb7\x6b\x1d\x13\x9b\x7f\x3d\
\xab\x0f\x01\x52\xa0\xc9\xfd\xd9\xcf\x59\xaf\x90\x1c\x00\xc8\x54\
\x12\x12\x2b\xbf\x59\xad\x3a\x86\xa9\xc6\xf6\x1f\x8b\x5f\xcc\xfc\
\x79\xeb\x07\xb0\xf9\xfb\xbd\x8e\x26\x34\xdc\x7f\xe9\x7d\x88\x0e\
\x8b\x6e\xa5\x30\x30\xb2\xd7\x08\x3c\x7f\xe5\xb3\x78\xf0\xd2\x07\
\xd0\x27\xa6\x8f\x69\x59\x58\xc7\x9e\xcd\xbf\x9e\xf4\x48\x78\x6b\
\xad\x39\x04\x68\x52\x6b\xd2\xe3\x9b\x0c\x00\x0e\x9e\x02\x20\x3f\
\x58\x75\x74\x15\x74\xa9\xab\x8e\x61\xaa\x1b\x2e\xba\x0e\x57\x26\
\x5f\xd1\x7c\x07\x9b\xbf\x92\x3a\xb7\x4f\xf9\x1e\xc6\xf7\xbb\xb0\
\x95\xc2\x8d\x1f\x22\x30\x7b\xf8\x2c\xbc\x7b\xc3\x5b\xf8\x49\xca\
\x9d\x88\x0c\x8d\x34\x3c\x0b\xeb\xf8\xb9\x8e\x1f\x9b\x7f\xfd\xb1\
\x56\x1d\x02\x3c\xba\x6c\xfd\x14\x40\x94\x88\xda\x0b\xc0\x7e\x77\
\x6d\x21\x4b\x29\xac\x39\x85\x2d\xa7\xed\x79\x69\xe0\xc6\xfe\x30\
\xe7\x77\x18\x9f\x38\xfe\xec\x06\x36\x7f\x25\x75\xa6\x24\x4e\xc1\
\x6d\x93\xbf\xd7\x4a\xe1\x96\x85\x39\xc3\xf0\xdd\xe4\x9b\xf0\xd6\
\x75\x4b\x31\x6b\xd8\x4c\xc3\xb2\xb0\x8e\x9f\xeb\x28\x68\xfe\xf5\
\x2c\x38\x04\xd4\xba\xfa\x96\x37\xb9\xe0\x9f\xa3\xf1\x17\xfb\x5f\
\xdd\xef\x4d\xbc\x2e\xe9\x4a\x00\x09\x7e\x8d\x45\x41\xa7\xc6\x5b\
\x83\x19\x7d\xa7\xab\x8e\x61\x2a\x87\xe6\xc0\xf4\x11\xd3\x91\xbd\
\x77\x2d\x8a\xab\x8b\x5b\x3f\xd0\x4a\x2f\x98\x36\xab\x93\x14\x3f\
\x08\x4f\x2e\xfa\x17\x22\x42\x22\x5a\x29\xde\xb6\xe8\xb0\x68\xcc\
\x1c\x7a\x09\x52\x93\x52\xb0\xff\xf4\x7e\x9c\xac\x3c\xd9\xe5\x2c\
\x1d\xd9\xce\x3a\x06\xd6\x51\xd8\xfc\x1b\xc8\x33\x9f\x0e\x70\x58\
\xe2\xd3\x01\xdb\x36\x65\x6e\x7c\xaa\xf1\x86\x66\xa9\x84\x10\x5f\
\xfa\x2f\x0f\x05\xab\x75\x05\xb9\x38\x5e\x75\x5c\x75\x0c\xd3\xc5\
\x47\xc6\xe1\xb9\x1b\x9f\x41\xbf\x6e\xfd\x5a\x3e\xc0\x4a\x2f\x98\
\x36\xab\xd3\x2d\x3c\x16\x8f\x5f\xf6\x28\x62\xc3\x62\x5b\x29\xde\
\x71\x63\x13\xc6\xe0\xc5\x2b\x5f\xc0\x9f\x67\xde\x8b\x1e\x91\xdd\
\x3b\x9d\xa5\x23\xdb\x59\xc7\xc0\x3a\x56\x68\xfe\x67\xb6\x49\x8f\
\x84\xee\x52\x7f\xca\x53\x02\xcd\x7a\x7b\xb3\x01\x40\x4a\x9d\x03\
\x00\x99\x4e\x97\x3a\xde\xcd\x7f\x5f\x75\x0c\xbf\x48\x88\xe9\x8d\
\x67\x6e\x78\x0a\xbd\x63\xce\xb9\xc4\x86\x95\x5e\x30\x6d\x56\x27\
\x2a\x34\x12\xff\x5c\xf8\x38\x06\xc5\x0f\x6a\xa5\x78\xe7\x69\x42\
\xc3\xbc\x11\x73\xf1\xce\x75\x6f\xe1\xba\x0b\xae\x85\x53\x73\x06\
\xe4\xf7\xc6\xf6\x75\x2c\xd4\xfc\xeb\x1f\x6b\x85\x21\x40\x40\x6e\
\x3d\x77\x5b\xb3\x01\x40\x6b\x61\x4a\x20\x32\xc3\xb2\x23\xcb\x51\
\xe3\xad\x51\x1d\xc3\x2f\x06\xf7\x48\xc2\x2b\xb7\xbc\x8c\x01\x71\
\xfd\xeb\x36\x58\xe9\x05\xd3\x66\x75\xc2\x9c\x61\x78\xfc\xb2\xc7\
\x70\x7e\xdf\xf3\x5b\x29\xee\x9b\x98\xb0\x18\xfc\x32\xed\xe7\x78\
\xf3\xda\xa5\x48\x1b\x94\xda\x66\x96\x8e\x6c\x0f\xc4\xef\xb1\x65\
\xeb\x58\xb0\xf9\xd7\x93\x5e\xb5\x43\x80\x26\x3b\xb0\x02\x50\x2b\
\x6a\xb7\x02\x90\x7e\x49\x44\x41\xad\xdc\x5d\x8e\x0f\x6c\x7e\x61\
\xa0\xc6\xfa\xc7\xf5\xc3\x0b\x37\x3d\x8f\xc1\x3d\x93\x5a\xdc\x1f\
\xd0\x2f\xbc\x16\xa9\x13\xee\x0c\xc7\xe3\x97\x3d\x8a\x89\x03\x92\
\x5b\x29\x6e\x9c\x41\x71\x89\x78\x7c\xfe\xa3\x78\x7c\xde\x23\x48\
\x8c\x1b\xd8\x2c\x4b\x6b\x19\x9b\x6c\x0e\xc0\xef\xb1\x65\xeb\x58\
\xb8\xf9\x37\x9c\x0e\x50\x37\x04\xe8\x5a\x94\xb6\xfd\xdc\x8d\x8e\
\x73\x37\x1c\x7d\xf5\x68\xed\xa0\x6b\x93\xae\x87\x40\xf7\x73\xf7\
\x11\x19\xed\x68\xd5\x51\x7c\x2b\x71\x61\xeb\x3f\xe8\x36\x13\x1b\
\x1e\x83\xb9\xe3\xe6\x60\xdb\x37\xdb\x70\xbc\xf4\xec\x7b\x20\x02\
\xfa\x85\xd7\x22\x75\xe2\x22\xe2\xf0\xe4\xa2\x27\x90\xdc\x7f\x42\
\x2b\xc5\xcd\x31\x28\x6e\x10\xae\x18\xb3\x08\x51\xa1\x51\xd8\x79\
\x72\x27\xdc\xde\x73\x3e\x48\x65\x81\xef\x8d\xed\xeb\x04\x40\xf3\
\x6f\x70\xe6\xd7\x6b\xe1\xf0\xeb\x6b\xde\xbe\x9c\x59\x6b\x1f\x39\
\x77\x63\xb3\x01\x00\x00\x12\xaf\x4b\x9a\x0a\x60\x9c\xe9\x91\x28\
\xe8\x95\xba\x4a\x91\x14\x33\x08\xe7\xc5\x0c\x56\x1d\xc5\x6f\xc2\
\x43\xc2\x31\x6f\xdc\x5c\x9c\x28\x3d\x8e\xaf\x0b\xf6\x06\xf6\x0b\
\xaf\x45\xea\x0c\xe8\xd6\x1f\xcf\x5d\xf9\x0c\x86\xf7\x1c\xd6\x4a\
\x71\x73\x39\x34\x07\x2e\xec\x7b\x01\x16\x8e\x5c\x80\xb2\xda\x32\
\xec\x3b\xbd\x0f\x12\xd2\x12\xdf\x1b\xdb\xd7\x09\xa4\xe6\x5f\xbf\
\x4d\xd6\xfd\xe7\xc7\x21\x20\x2b\x7f\x49\xde\x3b\xe7\x6e\x6c\x65\
\x00\x18\x34\x00\x10\x97\x9a\x9f\x89\x08\xc8\xaf\xcc\xc7\xc2\xc4\
\xcb\x82\x66\x15\x00\xa8\x6b\x18\x17\x8f\xbc\x18\x3d\xa2\xba\x63\
\xe3\xa1\x4f\x9b\x5f\x18\x29\x10\x5e\x78\x2d\x52\x67\x4a\xe2\x14\
\xfc\xfb\xf2\x7f\x36\xbd\x7a\x9f\x22\x91\x21\x91\xc8\x1c\x9c\x81\
\xd4\x41\xa9\x38\x50\x7c\x00\x05\x15\x05\xcd\x8e\x09\xc4\xef\xb1\
\x65\xeb\x04\x62\xf3\xaf\xe7\xd7\x21\x40\x3e\x9b\xbf\x24\xef\xf3\
\x73\xb7\xb6\x38\x00\x0c\xbc\x7e\xb0\x10\x40\xe7\xae\x9c\x41\xd4\
\x45\xc5\xae\x12\x0c\x8d\x1d\x82\xa4\x68\xe3\xde\xb1\x1d\x28\xc6\
\xf6\x1b\x8b\x94\x21\xd3\xb0\x39\x6f\x33\x4a\xab\x4b\xeb\x36\x06\
\xc2\x0b\xaf\x05\xea\x08\x08\x7c\x6f\xf2\xad\xb8\x67\xe6\x1f\x11\
\x19\xd2\xca\x15\xfb\x14\xe9\x15\xd5\x0b\x0b\x47\x5d\x86\xc4\xb8\
\x44\xec\x2c\xd8\x89\x4a\x77\x15\x80\xc0\xfb\x1e\x5b\xba\x4e\x20\
\x37\xff\x7a\x7e\x1a\x02\x24\xb4\x3f\x1d\x59\x72\xf8\xd8\xb9\xdb\
\x5b\x1c\x00\xc6\x5e\x37\xaa\xd0\x05\xf7\xaf\x00\x38\x4d\x4d\x45\
\x74\xc6\x91\xca\x23\xb8\x2c\x71\x41\xd3\x1f\xa2\x20\x91\x10\xd3\
\x1b\x8b\xc6\x5f\x8e\xd2\xaa\x12\xec\x3e\xb1\xa7\xe5\x83\xac\xf4\
\xc2\x6b\x81\x3a\xbd\xa2\x7a\xe1\xaf\xf3\xfe\x82\x2b\xc7\x5d\x61\
\xd9\x95\x23\x01\x81\x61\x3d\x86\xe2\x8a\xd1\x8b\x20\x84\xc0\xee\
\xc2\xdd\xf0\xca\x16\xae\x0c\x67\xd1\xef\xb1\xa5\xeb\xd8\xa1\xf9\
\xd7\x6f\x37\x7f\x08\xa8\x29\xa9\x3c\xf5\xb3\xc2\x37\x0a\x9b\xfd\
\xe3\x6b\x71\x00\x38\x73\x45\xc0\x05\x00\xfa\x9b\x95\x88\xa8\xb1\
\xa2\xda\x22\x0c\x89\x09\xce\x55\x00\x00\x08\x71\x84\x20\x63\x78\
\x06\xc6\x0f\xbc\x10\xdb\x8f\x6e\x3f\xbb\x1a\x00\x58\xeb\x85\xd7\
\x02\x75\x16\x8c\x9e\x8f\xc7\x17\x3e\x8a\x61\x8a\xce\xf7\x77\x56\
\x88\x23\x04\x93\xfb\x4f\xc2\x9c\xe1\x97\xe2\x64\xe5\x49\x1c\x2a\
\x3e\x74\x76\xa7\x45\xbf\xc7\x96\xae\x63\xa7\xe6\x5f\xff\xf8\xfa\
\x37\x06\x6a\x26\x0c\x01\x12\x9f\x6e\xb9\xfc\xf3\xe7\x5a\xda\xd5\
\xe2\x00\x00\x00\x03\xaf\x4f\x3a\x5f\x00\x53\x8c\x4f\x43\xd4\xb2\
\xbd\x65\xfb\xb0\x30\x71\x01\x1c\xa2\xd5\x7f\x96\xb6\x37\x30\x7e\
\x00\xae\x1c\x7f\x05\x9c\x9a\x13\x3b\x8e\xed\x84\x47\x7a\x5a\x3c\
\x2e\xa0\x5f\xc0\xbb\x58\x67\x60\xdc\x40\x3c\x30\xfb\xcf\xb8\x79\
\xe2\x8d\x08\x73\x86\xb5\x52\xd8\xba\x62\xc3\x62\x30\x73\xc8\x25\
\x48\xee\x3b\x01\x5f\x9d\xfa\x1a\x45\x35\x45\x2d\x1f\x68\x83\xbf\
\x2b\xd3\xea\xd8\xb1\xf9\x9f\xbb\xcb\xe8\x21\x40\xe0\xcd\xfc\x25\
\x79\x1f\xb4\xb4\xab\xd5\x57\xda\xa4\x6b\x06\x77\x83\xc0\x95\xc6\
\x26\x21\x6a\x5d\x99\xbb\x0c\xdd\x42\xbb\x61\x4c\xdc\x68\xd5\x51\
\x94\x72\x6a\x4e\x4c\x1a\x34\x11\xdf\xba\x60\x21\xaa\x5c\xd5\xf8\
\xaa\xe0\xab\xba\x77\x94\x9f\x11\xd0\x2f\xe0\x5d\xa8\x13\x11\x1a\
\x81\xef\x4d\xbe\x15\x0f\xce\xb9\x1f\x83\xbb\x0f\x6e\xa5\x68\xe0\
\xe8\x17\xdb\x0f\x57\x8c\xbe\x1c\x03\x63\x07\x60\x5b\xc1\x36\x54\
\x7b\x1a\x5d\x0c\x2b\xc0\xff\xae\xd8\xfc\x3b\x9e\xa1\xc5\xc7\x9b\
\xb0\x12\x20\xa5\x7c\xf8\xc8\x92\xbc\x16\xcf\x2d\xb6\xfa\x2c\x69\
\xab\xd2\xfa\x4a\xaf\xd6\xec\x4d\x03\x44\x66\xea\x16\x1a\x8b\xd7\
\x33\x96\x20\x3a\xa4\xf5\xfb\xb6\x07\x9b\xfd\x85\x07\xf0\xec\xfa\
\xe7\xb0\x72\xf7\xaa\x26\x83\x40\x13\x81\xf0\x02\xde\xc9\x3a\x11\
\x21\x11\xb8\xe2\xfc\x45\xf8\xee\xc4\x9b\x9b\x5d\x7f\xdf\x2e\xca\
\x6a\xcb\xf0\xd4\xe6\x67\xf0\xe6\xee\xb7\x5a\x7e\x7f\x00\x02\xe3\
\xef\xca\xf4\x3a\xc1\xd0\xfc\x1b\x1f\xe6\x10\x46\xbd\x27\x40\xea\
\x4e\x77\x9f\x0d\xb3\x37\xb4\x78\x17\xab\x36\x9f\x21\x75\x45\xc6\
\x5e\x00\x81\x71\xa2\x8d\x6c\xe3\x9a\xf3\xbe\x83\x3b\x46\xfe\x40\
\x75\x0c\xcb\xc9\x2f\x3e\x82\xff\x7c\xfa\x22\x56\xec\xcc\x42\xb5\
\xbb\xfa\xec\x8e\x40\x78\x01\xef\x44\x9d\xa8\xd0\x28\x7c\xe7\xc2\
\xab\x71\xfd\x84\xeb\x10\x1f\x11\xdf\x4a\x31\x7b\x39\x50\x7c\x10\
\x7f\xdf\xf0\x08\x36\x1d\xfd\xac\xc9\x76\xab\xff\x5d\xf9\xa5\x4e\
\x90\x35\xff\xfa\xed\x42\x33\x64\x08\xd8\x9d\x3b\x6f\xed\x98\xd6\
\x76\xb6\x33\x00\x64\x3e\x07\xc8\x5b\x7d\x4d\x40\xd4\x19\x21\x5a\
\x08\x5e\x4c\x7b\x01\x89\x51\x03\x55\x47\xb1\xa4\xf2\x9a\x72\xbc\
\xb3\xed\x5d\x2c\xfd\xf2\x4d\xe4\x15\xe7\xb5\x7c\x90\x95\x5e\xc0\
\x3b\x58\x67\x58\xcf\xa1\xb8\xea\xfc\xab\x30\x6f\xd4\x5c\x44\x85\
\x5a\xeb\x63\x7d\xfe\x92\x7d\x78\x2d\x1e\xf9\xf4\x31\x1c\x2d\x3b\
\x6a\xe9\xbf\x2b\xbf\xd5\x09\xd2\xe6\xdf\xf0\xbf\xbe\x0e\x01\x12\
\x4f\xe6\xce\x5f\x7b\x47\x6b\xbb\xdb\xac\x9c\xb2\x3c\xfd\x26\x21\
\xc4\x8b\x5d\x7f\x76\xa2\xae\x99\xd0\x63\x02\x1e\x9b\xf2\x77\x04\
\xe3\xc7\x02\x3b\x63\xfb\xd1\xed\x58\xbe\x2b\x0b\xab\xf6\xac\x46\
\x71\x55\x71\xdd\x46\x2b\xbd\x80\xb7\x53\x27\x2e\x22\x0e\x17\x0f\
\x9d\x81\x05\xa3\xe7\xe3\xc2\x7e\x17\xb4\x52\x20\xb8\xb8\xbc\x2e\
\xbc\xba\xe3\x35\xfc\x67\xeb\x7f\x50\xd5\x78\xa5\x07\x08\x8c\xa6\
\x6d\x54\x9d\x20\x6f\xfe\x0d\x9b\x1c\xc2\x97\xf7\x04\x5c\x9b\x3b\
\x6f\xed\x6b\xad\xed\x6c\xb3\x6a\xfa\xfb\xe9\x83\x75\x87\x38\xd8\
\xd5\x67\x26\xf2\xc5\xdd\x17\xfc\x1e\xb3\xfb\xcf\x52\x1d\x23\x20\
\xe8\x52\xc7\xd6\xa3\xdb\x90\xbd\x2f\x1b\x6b\xf7\xe7\xe0\xe0\xe9\
\x43\x4d\xf6\x5b\xa9\x11\x24\xc4\x24\x20\x75\x70\x0a\x66\x0e\xbb\
\x04\x93\x07\x4e\x82\x43\x0b\xde\x4f\x7d\xb4\xa5\xb0\xea\x14\xfe\
\xf5\xd9\x13\xc8\xda\xb7\xb2\xcd\xcb\x0a\x5b\xaa\x69\x1b\x55\x87\
\xcd\xbf\x61\x9b\x80\x00\x34\x74\x69\x08\xd0\x9c\x32\x31\x67\x76\
\xce\x91\xd6\xf6\xb7\x5b\x31\x65\x45\xc6\x21\x01\x24\x75\xfa\x99\
\x89\x7c\x14\x1f\x1a\x8f\x57\x32\xfe\x8b\xd8\x90\x58\xd5\x51\x02\
\x4e\x61\xc5\x29\x7c\x9e\xff\x39\x3e\xcf\xdf\x8c\x1d\xc7\x76\xe0\
\xc0\xe9\x83\xf0\xea\xe7\xbc\xc9\xcc\x4f\x8d\xa0\x67\x54\x0f\x8c\
\x49\x18\x83\x29\x89\x93\x31\x35\x69\x2a\xce\xb3\xc1\x3b\xf9\xfd\
\x69\xe7\xc9\x5d\xf8\xf1\xaa\x9f\xa0\xc2\x55\xd1\x7c\xa7\x95\x9a\
\xb6\x51\x75\xd8\xfc\x1b\xb6\x35\x79\x6c\xe7\x87\x80\x7d\xb9\xf3\
\xd6\x0e\x6f\xeb\x80\x8e\x5c\xe9\xef\x23\xf0\xb2\xc0\xa4\x40\xb1\
\xab\x18\x4f\x7e\xf5\x34\x7e\x33\xee\x57\xaa\xa3\x04\x9c\x5e\xd1\
\x3d\x31\x77\xf4\x1c\xcc\x1d\x3d\x07\x00\x50\xe3\xae\xc1\x57\x27\
\xbf\xc6\xde\x93\xfb\x70\xb8\xe8\x30\x0e\x15\x1d\x42\x7e\x71\x3e\
\x0a\xca\x4f\xc2\xe5\x75\x9d\x7d\xa0\x0f\x2f\xe0\x51\xa1\x91\x48\
\x8c\x4f\x44\x62\x5c\x22\x06\x75\x1f\x84\x51\xbd\x47\x62\x4c\xc2\
\x68\x24\xc4\x24\x18\xf4\xa7\x0a\x4e\x27\x2b\x4f\xb2\xf9\x07\x7b\
\xf3\x07\x00\x09\x48\x29\x3b\x73\xe5\xcb\x76\xef\xb5\xde\x81\x01\
\x40\x7e\x08\x08\x0e\x00\xa4\xc4\x8a\x23\x59\xc8\xec\x93\x81\x29\
\xbd\x26\xab\x8e\x12\xd0\xc2\x43\xc2\x71\x61\xff\x0b\x70\x61\xff\
\xe6\xe7\xd9\x4f\x57\x9e\xc6\xc9\x8a\x93\x28\xae\x2a\x46\x59\x6d\
\x39\xca\x6a\xca\x51\x51\x5b\x0e\x97\xd7\x8d\x1a\x4f\x4d\x93\x97\
\xa1\xc8\xd0\x28\x38\x34\x07\xc2\x9d\x61\x88\x8f\x8c\x47\xcf\xa8\
\x1e\x88\x8f\x88\x47\xf7\xc8\xee\xe8\x6e\xd3\x8f\xea\xa9\x54\x56\
\x5b\x86\xbf\x6e\xf8\x5b\xf3\x1d\x56\x6a\xda\x46\xd5\x61\xf3\x6f\
\xd8\xd6\xac\xf9\xd7\x7f\xa9\x03\x52\xeb\xd8\x10\x20\x84\xf0\x7d\
\x00\x70\xd7\x86\x7c\x1c\x1a\xe6\xd1\x01\x68\xed\x3e\x23\x91\xc1\
\x24\x24\x1e\xdc\xf1\x10\x5e\x4c\x7d\x01\xdd\x42\x79\x2a\xc0\x0c\
\x3d\xa2\x7a\xa0\x47\x54\x0f\xd5\x31\xa8\x05\x0f\x6f\x7c\x04\xa7\
\xab\x4f\x37\xdd\x68\xa5\xa6\x6d\x54\x1d\x36\xff\x86\x6d\xad\x36\
\xff\x7a\x3a\x00\x21\x81\xb6\x4f\x07\x78\xc2\x42\x9c\x6b\xda\x3a\
\x00\xe8\x40\x53\xff\x6c\xd1\xc7\xa7\x01\x7c\xd1\xde\x71\x44\x66\
\x39\x55\x73\x0a\x0f\xed\x6c\xe1\xb7\x20\x22\x1b\x5b\x7f\x64\x03\
\xb2\xf6\xaf\x6c\xba\xd1\x4a\x4d\xdb\xa8\x3a\x6c\xfe\x0d\xdb\xda\
\x6d\xfe\x67\x48\xd4\x9d\x0e\x68\xc3\x67\x1f\xcd\xfc\xa8\xb4\xad\
\x03\x80\x0e\xfe\x56\x2f\x3a\x70\x2e\x81\xc8\x4c\x39\x27\xd6\xe1\
\x83\x63\xfc\x67\x48\xc1\xa1\xd2\x5d\x89\x07\x72\x1f\x6c\xba\xd1\
\x4a\x4d\xdb\xa8\x3a\x6c\xfe\x0d\xdb\x3a\xda\xfc\x1b\xb6\xcb\xb6\
\x86\x80\xf6\x97\xff\x81\x8e\x2e\xeb\x0b\x6d\x75\x87\x8e\xa1\x06\
\x12\xb9\x00\x00\x20\x00\x49\x44\x41\x54\x23\x32\xd1\xa3\xbb\x1e\
\xc7\x89\xea\x13\xaa\x63\x10\x99\xee\xef\x1b\x1f\x45\x41\x65\xc1\
\xd9\x0d\x56\x6a\xda\x46\xd5\x61\xf3\x6f\xd8\xd6\xe9\xe6\x5f\x4f\
\xa2\xc5\xcb\x83\x6b\x52\x6f\xf1\xe6\x3f\xcd\x8e\xeb\xc8\x41\x7d\
\x2a\x7a\xe6\x02\x68\xe5\xd6\x55\x44\xfe\x51\xe1\xae\xc0\xef\xb6\
\xfc\x01\xb5\xde\x5a\xd5\x51\x88\x4c\xf3\xc1\x81\x0f\xf1\xfe\xde\
\x65\x67\x37\x58\xa9\x69\x1b\x55\x87\xcd\xbf\x61\x5b\x97\x9b\x7f\
\xfd\xe3\x65\xd3\x1d\x42\xe0\x74\x42\x55\xc2\xa6\x56\xaa\x34\xd1\
\xa1\x01\xe0\x8d\xab\xdf\xf0\x42\xa0\x43\x13\x05\x91\x99\xf6\x97\
\x1d\xc0\xbf\xf6\x3c\xa1\x3a\x06\x91\x29\xf2\x4b\xf3\xf1\xe7\xdc\
\x07\xce\x6e\xb0\x52\xd3\x36\xaa\x0e\x9b\x7f\xc3\x36\x9f\x9b\x7f\
\xfd\x8e\x46\x8b\x00\x52\x22\xeb\x8d\xab\xdf\x68\xf9\xce\x52\xe7\
\xe8\xf0\x3b\xfb\x85\x2e\x56\x74\xf4\x58\x22\x33\xbd\x9b\xff\x3e\
\x56\x7e\xb3\x4a\x75\x0c\x22\x43\xb9\xbc\x2e\xfc\xf6\xe3\xdf\xa3\
\xca\x5d\x55\xb7\xc1\x4a\x4d\xdb\xa8\x3a\x6c\xfe\x0d\xdb\x0c\x6b\
\xfe\xf5\xce\x0c\x01\xba\xa6\x67\xb5\x52\xa9\x99\x0e\x0f\x00\x1e\
\x67\x6d\x16\x00\x4f\x47\x8f\x27\x32\xd3\x23\xbb\x1e\xc3\xc1\xf2\
\x43\xed\x1f\x48\x14\x20\xfe\xb2\xfe\xaf\xd8\x5b\xb4\xaf\xee\x0b\
\x2b\x35\x6d\xa3\xea\xb0\xf9\x37\x6c\x33\xbc\xf9\x37\x3a\x36\x22\
\x24\xb4\xdd\x8f\xff\xd5\xeb\xf0\x00\xb0\xf1\xd2\x8d\x45\x90\xf8\
\xb4\xa3\xc7\x13\x99\xa9\xc6\x5b\x83\xdf\x6e\xf9\x3d\x8a\x5d\xc5\
\xaa\xa3\x10\xf9\x6c\xd9\xde\xe5\x58\xb6\x77\x79\xdd\x17\x56\x6a\
\xda\x46\xd5\x61\xf3\x6f\xd8\x66\x66\xf3\x07\x44\xc1\xc7\x97\x7c\
\x5c\xd0\xfc\x80\x96\x75\xea\xe2\x3e\x42\xc3\xb2\xf6\x8f\x22\xf2\
\x8f\xe3\x55\xc7\xf1\xeb\xcf\x7f\x8b\x1a\x6f\x8d\xea\x28\x44\x5d\
\xb6\xbb\x70\xf7\xd9\xab\xfd\x59\xa9\x69\x1b\x55\x87\xcd\xbf\x61\
\x9b\xb9\xcd\x1f\x80\x90\x9d\xfa\xc4\x5e\xa7\x06\x00\xa9\x7b\xdf\
\xec\xcc\xf1\x44\x66\xfb\xaa\xf4\x6b\x3c\xb0\xfd\xc1\x16\x3f\x0a\
\x43\x64\x75\x47\xcb\x8f\xe2\xae\x0f\x7e\x8e\x1a\x4f\x8d\xb5\x9a\
\xb6\x51\x75\xd8\xfc\x1b\xb6\x99\xde\xfc\x01\x38\x1d\xa2\x53\x57\
\x4c\xeb\xd4\x00\x90\x3b\x3f\xf7\x20\x80\xed\x9d\x79\x0c\x91\xd9\
\xd6\x1c\xcf\xc6\xf3\x7b\x5f\x50\x1d\x83\xa8\x53\x4a\x6b\x4b\x71\
\xe7\xaa\xbb\x50\x54\x5d\x6c\xad\xa6\x6d\x54\x1d\x36\xff\x86\x6d\
\xfe\x68\xfe\x90\x28\xc9\x9e\x9d\xbd\xb3\x95\xca\x2d\xea\xf4\xf5\
\xfd\x85\xc4\x5b\x9d\x7d\x0c\x91\xd9\xfe\xbb\xff\x65\x2c\x3d\xf4\
\x86\xea\x18\x44\x1d\xe2\xd6\xdd\xf8\xcd\x47\xbf\x43\x7e\x69\xbe\
\xb5\x9a\xb6\x51\x75\xd8\xfc\x1b\xb6\xf9\xa5\xf9\x03\x80\xd6\xf9\
\x2b\xf6\x76\x7a\x00\xf0\x42\xbc\xdd\xd9\xc7\x10\xf9\xc3\xbf\xf6\
\xfc\x1b\xcb\x8f\xf0\xd3\xaa\x64\x6d\x12\x12\xf7\xe5\xdc\x8f\xcd\
\xc7\xb7\x58\xab\x69\x1b\x55\x87\xcd\xbf\x61\x9b\xdf\x9a\x3f\x00\
\x8f\xf4\xfe\xbd\x95\xea\xad\xea\xf4\x00\xb0\x61\x7e\xf6\x4e\x00\
\x5f\x75\xf6\x71\x44\x66\x93\x90\x78\x78\xe7\x23\xc8\x39\xb1\x4e\
\x75\x14\xa2\x56\x3d\xf2\xe9\xa3\x75\x37\xf9\xb1\x52\xd3\x36\xaa\
\x0e\x9b\x7f\xc3\x36\x7f\x36\x7f\x08\x59\xf1\xe9\xbc\xdc\x0e\x5d\
\xfd\xaf\xb1\xae\xdd\xe2\x57\x08\x9e\x06\x20\x4b\xf2\x4a\x2f\x16\
\x6f\xbd\x17\x9f\x9f\xda\xac\x3a\x0a\x51\x33\x8f\x6d\xfa\x07\x5e\
\xdb\xf9\x3f\x6b\x35\x6d\xa3\xea\xb0\xf9\x37\x6c\xf3\x6b\xf3\xaf\
\xdb\xd9\xa5\x3b\xa5\x75\x69\x00\xd0\x74\xfd\xd5\xae\x3c\x8e\xc8\
\x1f\xdc\xba\x1b\xbf\xd9\xfc\x3b\xe4\x16\xac\x57\x1d\x85\xa8\xc1\
\xbf\x37\x3f\x89\x57\x76\xbc\x6a\xad\xa6\x6d\x54\x1d\x36\xff\x86\
\x6d\xfe\x6f\xfe\x00\x74\xef\xfd\xed\x1c\xd1\xe1\x08\x1d\x92\xba\
\x22\x63\x1b\x80\xf3\xbb\xfa\x78\x22\xb3\x85\x68\x21\xf8\xd3\x85\
\xff\x87\x8c\x3e\xe9\xaa\xa3\x50\x90\xfb\xf7\xe6\xa7\xf0\xc2\xd6\
\xff\x58\xab\x69\x1b\x55\x87\xcd\xbf\x61\x9b\x92\xe6\x2f\x50\x94\
\x3b\x77\x6d\x8f\x76\x8e\x6a\x51\xd7\x4e\x01\xd4\x3d\xeb\x6b\x5d\
\x7f\x2c\x91\xf9\xdc\xba\x1b\x7f\xfc\x72\x31\x56\x1f\xe5\x7d\xac\
\x48\x9d\xa7\xb6\x3c\xc3\xe6\xdf\x89\x1c\x6c\xfe\x1d\xa8\xd1\xf4\
\x90\xf7\xda\x3f\xaa\x65\x5d\x1f\x00\x74\xcf\x12\x80\x57\x5f\x21\
\x6b\xd3\xa5\x8e\x07\xb6\x3f\xc8\x9b\x07\x91\xdf\xe9\x52\xc7\xa3\
\x9b\x1e\xc7\x73\x5f\x3e\x6f\xad\xa6\x6d\x54\x1d\x36\xff\x86\x6d\
\xaa\x9a\x3f\x00\x08\x4f\xd8\x7d\x1d\x3b\xb2\xcb\x4f\xd1\xb2\xd4\
\x15\xe9\xb9\x80\x48\xf1\xa5\x06\x91\x3f\x08\x08\x7c\x77\xd8\x4d\
\xb8\x79\xd8\x4d\x2d\xff\xb0\x11\x19\xc8\xe5\x75\xe1\x9e\x9c\xfb\
\xb0\xfa\xc0\x07\xd6\x6a\xda\x46\xd5\x61\xf3\x6f\xd8\xa6\xb2\xf9\
\x03\xf2\x78\xee\xbc\x9c\x7e\x1d\x3d\xfa\x5c\x3e\x9c\x02\x00\x24\
\xb4\x57\x7c\x79\x3c\x91\xbf\x48\x48\xbc\xb0\xef\x45\xfc\x65\xfb\
\x5f\xe1\x91\xbc\xa9\x25\x99\xa7\xdc\x55\x8e\x1f\xaf\xfa\x29\x9b\
\x7f\x27\x72\xb0\xf9\x77\xa0\x46\x0b\xa4\x2e\x7c\xea\xc1\x3e\x0d\
\x00\x11\xa1\xce\xd7\x00\x54\xfb\x52\x83\xc8\x9f\x56\x7e\xb3\x0a\
\xbf\xfc\xec\xd7\xa8\x70\x57\xa8\x8e\x42\x36\x54\x58\x75\x0a\xdf\
\x5f\xfe\x43\x7c\x71\xfc\x0b\x6b\x35\x6d\xa3\xea\xb0\xf9\x37\x6c\
\x53\xde\xfc\x01\x59\x13\x5e\xd1\xa5\x77\xff\xd7\xf3\x69\x00\xf8\
\x68\xe6\x47\xa5\x10\x5d\x7f\x03\x02\x91\x0a\x5b\x4e\x7f\x81\x1f\
\x7d\x7a\x27\x8e\x56\x1d\x53\x1d\x85\x6c\x64\xef\xe9\xbd\xb8\xe9\
\xbd\x9b\xb1\xb7\x68\x9f\xb5\x9a\xb6\x51\x75\xd8\xfc\x1b\xb6\xa9\
\x6e\xfe\x00\xa0\x01\x5b\xb7\xcc\xdc\x52\xda\xb9\x47\x35\xab\xe1\
\x1b\x1d\xf2\x3f\xbe\xd6\x20\xf2\xb7\x83\xe5\x87\x70\x6b\xee\x6d\
\xbc\x6a\x20\x19\x22\x6b\xff\x4a\xdc\xb2\xec\x36\x9c\xac\x2c\xb4\
\x56\xd3\x36\xaa\x0e\x9b\x7f\xc3\x36\x2b\x34\x7f\x00\xd0\x21\x1f\
\xec\xfc\xa3\x9a\x72\xf8\x5a\xe0\xc8\xb0\xbc\x43\x89\xfd\x93\xbe\
\x0b\xa0\x9b\xaf\xb5\x88\xfc\xc9\xad\xbb\xb1\xe6\x78\x36\x6a\x75\
\x17\x26\xf4\x18\xdf\xfa\x0b\x22\x51\x2b\x5c\x5e\x17\x1e\xfb\xec\
\x71\xfc\xf3\xb3\x27\xe0\xd1\x3d\xd6\x6a\xda\x46\xd5\x61\xf3\x6f\
\xd8\x66\x95\xe6\x0f\x89\xea\xf5\x9b\x73\xae\x47\xb6\x6f\x9f\xc4\
\xf3\x79\x00\x40\x36\x64\xe2\xf5\x83\x7b\x02\xe0\xd5\x56\x28\x20\
\xed\x28\xde\x81\xaf\x4a\xbf\xc2\x94\x5e\x53\x10\xee\x08\x53\x1d\
\x87\x02\xc4\x89\x8a\x13\xb8\x73\xf5\x5d\x58\x73\x38\xbb\x6e\x83\
\x95\x9a\xb6\x51\x75\xd8\xfc\x1b\xb6\x59\xa6\xf9\x03\x10\x42\xbc\
\x9d\x7f\xfb\x61\x9f\x6f\x7f\xea\xf3\x29\x00\x00\x80\xee\x79\x01\
\x80\x6e\x48\x2d\x22\x05\x3e\x2d\xdc\x84\xef\xe6\xde\x82\xcd\xa7\
\xb6\xa8\x8e\x42\x01\xe0\xd3\xa3\x9b\x70\xfd\xbb\x37\x61\x77\xe1\
\xee\xba\x0d\x56\x6a\xda\x46\xd5\x61\xf3\x6f\xd8\x66\xa5\xe6\x0f\
\x00\x0e\x0f\xee\xee\xfa\xa3\x0d\x89\xd0\x54\xea\x8a\x8c\x95\x00\
\x2e\x35\xaa\x1e\x91\x0a\x02\x02\x0b\x12\xe7\xe3\xce\x51\x3f\x42\
\xb8\x23\x5c\x75\x1c\xb2\x18\x97\xd7\x85\xa7\xbf\x78\x16\x2f\x6f\
\x7f\x05\xba\x3c\xf3\x3b\x8f\x95\x9a\xb6\x51\x75\xd8\xfc\x1b\xb6\
\x59\xad\xf9\x03\x38\x90\x3b\x6f\xed\x50\x9f\x2a\x9c\x61\xcc\x0a\
\x00\x00\x01\xed\x29\xa3\x6a\x11\xa9\x22\x21\xf1\x7e\xfe\x32\xdc\
\xbe\xfe\x07\xd8\x57\xb6\x5f\x75\x1c\xb2\x90\x5d\x85\xbb\x70\xed\
\x3b\x37\xe0\xbf\xdb\x5e\x62\xf3\xef\x64\x0e\x36\xff\x0e\xd4\xe8\
\x20\xa1\xe3\xaf\xbe\x55\x38\xcb\xb0\x01\xa0\x4f\x65\xcf\xe5\x00\
\xf2\x8c\xaa\x47\xa4\xd2\xa1\x8a\xc3\xb8\x7d\xfd\x0f\xf0\xd4\xd7\
\xcf\xc0\xad\xbb\x55\xc7\x21\x85\x3c\xba\x07\xff\xdd\xf6\x12\x6e\
\x5d\x76\x3b\x0e\x97\x1c\x3e\xbb\xc3\x4a\x4d\xdb\xa8\x3a\x6c\xfe\
\x0d\xdb\xac\xd8\xfc\x01\x59\xdd\xa7\xba\xf7\x0b\xbe\x56\xa9\xe7\
\xfb\x9b\x00\xcf\xd8\xfd\xc6\x6e\x39\xe8\xda\xa4\x58\x08\x4c\x37\
\xaa\x26\x91\x4a\x3a\x74\xec\x28\xde\x81\xec\x13\x39\x18\x1a\x33\
\x14\x09\x11\x09\xaa\x23\x91\x9f\x7d\x7d\xfa\x6b\xfc\x74\xf5\xcf\
\xb0\xf2\xc0\xea\xb3\xbf\xf5\x03\xd6\x6a\xda\x46\xd5\x61\xf3\x6f\
\xd8\x66\xcd\xe6\x0f\x00\x78\x6d\xd5\xe5\x2b\xdf\x36\xa4\x12\x8c\
\x8a\x74\x46\xca\x7b\x29\xfd\x84\xd3\x79\x18\x40\x88\x91\x75\x89\
\x54\x13\x10\x98\xd1\x6d\x3a\xee\x9a\xf0\x13\xc4\x45\xc4\xa9\x8e\
\x43\x26\x2b\x77\x95\xe3\x99\x2f\x9e\xc5\xd2\xdd\x6f\xc2\xab\x7b\
\x9b\xee\xb4\x52\xd3\x36\xaa\x0e\x9b\x7f\xc3\x36\xcb\x36\x7f\x01\
\x29\xdd\x9e\x01\xeb\x17\xae\x37\xec\x0a\x66\x86\x0e\x00\x00\x90\
\x9a\x95\xf1\x1a\x24\xbe\x63\x74\x5d\x22\x2b\x08\x2f\x0d\xc7\xcd\
\xc3\x6e\xc4\x77\x26\x7c\x1b\x0e\xcd\xb0\x05\x34\xb2\x08\x09\x89\
\x95\xfb\x56\xe1\xb1\xcf\x1e\x47\x51\x75\x71\xf3\x03\xac\xd4\xb4\
\x8d\xaa\xc3\xe6\xdf\xb0\xcd\xb2\xcd\x1f\x00\x24\xbe\xc8\x9d\xbf\
\x36\xd9\xa0\x6a\x00\x0c\x7c\x0f\x40\x3d\x09\xf1\xb8\xd1\x35\x89\
\xac\xa2\xa6\x5b\x0d\x1e\xdf\xf9\x4f\x5c\xfe\xfc\x95\x58\xbb\x3f\
\x47\x75\x1c\x32\xd0\xee\xc2\x3d\xb8\xf5\xfd\xdb\xf0\xc7\xb5\x8b\
\xd9\xfc\xd9\xfc\xad\xd5\xfc\x01\x48\x2f\x7e\x6b\x5c\xb5\x3a\x86\
\xaf\x00\x00\x40\xea\x8a\xf4\x4f\x01\x31\xc5\x8c\xda\x44\x56\x50\
\x5b\x58\x83\xea\xe3\x35\x48\x3d\x2f\x15\xbf\x98\x7e\x17\x86\xf6\
\x32\xe4\x53\x39\xa4\xc0\xb1\xf2\x63\x78\x7a\xcb\xb3\xc8\xda\xb7\
\x12\x52\xb4\x72\x61\x35\x2b\x35\x6d\xa3\xea\xb0\xf9\x37\x6c\xb3\
\x7c\xf3\x07\x0a\xd6\xcf\x5b\xdb\xc7\xb8\x8a\x75\x9c\x46\x17\xac\
\x23\x1e\x07\xb0\xc4\x9c\xda\x44\xea\x85\xf5\x0a\x07\x20\x90\x7b\
\x30\x17\xeb\x0f\xae\x47\xc6\xb0\x0c\xfc\x28\xf5\x07\x18\x99\x30\
\x52\x75\x34\xea\xa0\x13\x15\x27\xf0\xea\x8e\x25\x78\x6b\xcf\x3b\
\x70\x79\x5d\x81\xd1\xb4\x8d\xaa\xc3\xe6\xdf\xb0\xcd\xea\xcd\x1f\
\x00\x34\x18\xf7\xd1\xbf\xc6\x4c\x59\x01\x48\xde\x9c\x1c\x12\x51\
\x10\x7d\x10\xc0\x00\x33\xea\x13\x59\x45\x6d\x61\x2d\x6a\x4e\xd4\
\x00\xa8\x7b\x21\x48\x1f\x9a\xce\x41\xc0\xe2\x0a\x2a\x0b\xf0\xca\
\xf6\x57\xcf\x36\x7e\x20\x30\x9a\xb6\x51\x75\xd8\xfc\x1b\xb6\x05\
\x42\xf3\x07\x50\xed\x8c\x14\xb1\xd9\xd3\xb3\x3d\x46\x17\x36\x65\
\x00\x00\x80\x94\x15\x19\xbf\x13\xc0\x03\x66\xd5\x27\xb2\x8a\xda\
\x42\x17\x6a\x4e\x54\x37\x7c\xad\x09\x0d\x33\x86\x4f\xc7\x0d\x13\
\xaf\xc3\xf8\x01\xe3\x15\x26\xa3\xc6\xbe\x29\xfb\x06\xaf\xec\x58\
\x82\xf7\xbe\x7a\xbf\xe9\xb5\x1d\x02\xa1\x69\x1b\x55\x87\xcd\xbf\
\x61\x5b\x80\x34\x7f\x40\xe2\xc9\xdc\xf9\x6b\xef\x30\xa1\xb2\x79\
\x03\xc0\x25\x1f\x5e\xd2\xad\xc6\xe5\xce\x03\xef\x12\x48\x41\xa0\
\xc9\x10\xd0\xe8\xa7\x6a\x64\xc2\x48\x5c\x7d\xe1\x95\x58\x30\x66\
\x01\xc2\x9c\xa1\x6a\xc2\x05\xb9\x6d\x27\xb6\xe1\xb5\x5d\xff\xc3\
\x27\x87\xd6\x34\xfd\x2c\x3f\x10\x18\x4d\xdb\xa8\x3a\x6c\xfe\x0d\
\xdb\x02\xa5\xf9\x0b\xc0\x1b\x16\x1a\xd2\xe3\xa3\x99\x1f\x95\x1a\
\x5f\xdd\xc4\x01\x00\x00\x52\x97\x67\x3e\x0c\x21\x7f\x61\xe6\x73\
\x10\x59\x45\xed\xa9\xb3\xa7\x03\xce\xd5\x3b\xa6\x37\xbe\x33\xfe\
\x6a\x2c\x1c\x7b\x19\x7a\x45\xf7\xf2\x73\xb2\xe0\x53\xe5\xae\x42\
\xd6\xbe\x95\x78\x7d\xe7\xff\x70\xb8\x34\xaf\xe5\x83\x02\xa1\x69\
\x1b\x55\x87\xcd\xbf\x61\x5b\xa0\x34\xff\x33\xde\xcd\x9d\xb7\xf6\
\x72\xb3\x8a\x9b\x3a\x00\x4c\x5d\x36\xa3\xbf\x43\xf3\x1e\x04\xc0\
\x5f\x7d\x28\x28\xd4\x16\xd6\xa2\xa6\xe0\x9c\x21\xa0\xd1\x4f\x99\
\x26\x34\xa4\x0c\x9e\x86\x6f\x8d\x5d\x88\x8c\xa1\xe9\x08\x75\xf0\
\x47\xc3\x48\xbb\x0b\xf7\x20\x6b\xdf\x4a\x2c\xdf\xbb\x02\xe5\xae\
\xf2\xc0\x6e\xda\x46\xd5\x61\xf3\x6f\xd8\x16\x50\xcd\x5f\x40\x6a\
\x0e\x39\x28\x67\x76\xce\x11\x93\x9e\xc1\xdc\x01\x00\x00\x52\x97\
\x67\x3c\x0f\x81\x5b\xcc\x7e\x1e\x22\xab\x68\xb2\x12\xd0\xc6\x0b\
\x78\x5c\x44\x37\xcc\x1d\x35\x17\x97\x8e\x9c\x8d\xf3\xfb\x8d\x6b\
\xf9\xc5\x85\xda\x75\xa4\xec\x08\x56\xed\x5f\x8d\x95\xfb\x57\x23\
\xaf\xe4\xec\x6f\xfb\x01\xdd\xb4\x8d\xaa\xc3\xe6\xdf\xb0\x2d\xa0\
\x9a\x3f\x00\x09\xb1\x6e\xfd\xbc\xec\x74\xf3\x9e\xc1\x0f\x03\x40\
\xca\xca\xe9\x23\x84\xae\xef\x86\x09\x17\x1d\x22\xb2\xaa\xda\xff\
\x6f\xef\xee\xa3\xe3\x2a\xef\x3b\x81\x7f\x7f\x77\xee\x8c\xac\xb1\
\xe5\xd7\xd8\xd8\x71\x82\x09\x26\x34\x81\xd0\x42\xec\x05\xac\x37\
\xcb\x2f\x04\xac\x17\x0c\x09\x38\x09\x90\x97\x2d\x87\x04\xc8\xd9\
\xb4\xd9\x26\x3d\x49\xe8\x36\xec\x6e\xb3\x79\x6b\xd9\x93\xb6\xa7\
\x39\xd9\x6e\x77\x9b\x3d\x21\x6d\x71\x4a\x9a\xda\x96\xc1\x18\x33\
\xd2\x8c\x64\x0c\x28\x38\xc4\x86\x90\x00\xc1\x26\x40\xb0\x8d\x2d\
\x8c\x64\xbd\xcc\xcc\xfd\xed\x1f\xb6\xaf\x25\x59\x92\x47\xd2\x68\
\x9e\xe7\x99\xfb\xfd\x9c\xc3\xe1\x9c\x47\xa3\xe7\x7e\xb1\x2e\xfa\
\xfe\x3c\x73\xe7\xce\x91\x51\x9e\x09\x38\x65\xb4\x5f\xe0\x8b\x66\
\x2d\xc2\xba\x8b\xd7\x62\xfd\xc5\xeb\xf0\xc1\xa5\x57\xc0\x13\xfe\
\xef\x32\x9e\x23\x27\x8e\x60\xe7\x4b\xbb\xf0\xd0\x0b\x0f\xe1\x17\
\x87\xf6\x9d\xf5\x75\xa7\x4b\xbb\x58\xfb\xb0\xfc\xc3\x35\xd7\xca\
\x1f\x00\x7c\x95\xcb\x52\xcd\xa9\xb3\x4f\xee\x22\x2a\xc9\x5f\x39\
\x6a\xb6\xd5\xff\x58\x20\x1f\x29\xc5\xb1\x88\x6c\x31\xf0\xe6\xd9\
\xd7\x04\x14\xf2\x0b\x7c\x7e\x72\x3e\x1a\x96\xaf\xc6\xaa\x0b\xae\
\xc6\x55\xe7\x5f\x89\x39\x33\x78\x1d\x6d\xa0\x01\x7e\x71\x68\x1f\
\x3a\x0e\x76\xa0\xe3\xe0\x6e\x3c\x7f\xe4\xf9\x31\x6f\xda\xe3\x74\
\x69\x17\x6b\x1f\x96\x7f\xb8\xe6\x62\xf9\x0b\xf0\x74\xba\xa9\xed\
\x83\xd3\x7b\x94\x12\x0d\x00\xd5\x5b\x1b\x3e\xe0\x89\xfe\x1c\x7c\
\x16\x80\x22\x66\xe8\x10\x30\x99\x22\xf0\xc4\xc3\x25\xe7\x5d\x82\
\x55\xcb\xae\xc2\xd5\xcb\xae\xc6\xef\x2f\xb9\x2c\x32\xd7\x0d\x1c\
\x39\x71\x04\x7b\x7e\xfb\x04\x3a\x5e\xe9\xc4\xee\x57\x1e\xc7\xf1\
\x81\xe3\x67\xbe\x68\x53\xd9\xda\xb6\x0f\xcb\x3f\x5c\x73\xb1\xfc\
\x01\x20\xe6\xe1\xca\xb6\x0d\x6d\x4f\x4e\xf7\x71\x4a\x32\x00\x00\
\x40\xed\xb6\xd5\x3f\x01\x70\x43\xa9\x8e\x47\x64\x8b\x81\x37\x07\
\x30\xf0\xc6\xc0\xe8\x5f\x9c\x60\x11\xf8\x31\x1f\x17\xcc\xbb\x00\
\x97\xbf\xf3\x0f\x70\xc5\xd2\xcb\x71\xc9\xa2\xf7\xe3\xc2\x05\x17\
\x16\x25\xa7\x49\xf9\x20\x8f\x03\x6f\x1d\xc4\xde\xd7\xf7\xe2\xe7\
\xbf\xfb\x39\x9e\x3b\xf2\x4b\xbc\x78\xec\xa5\xd1\x1f\x6c\x53\xd9\
\xda\xb6\x0f\xcb\x3f\x5c\x73\xb5\xfc\x01\x3c\x93\x69\x6a\xfb\x83\
\x52\x1c\xa8\x64\x03\x40\xf5\xb6\x86\xcb\x3d\xe8\xcf\x4a\x79\x4c\
\x22\x5b\x0c\xbe\x39\x80\xfe\x91\x43\x40\x91\x8a\x60\xe1\xac\x85\
\xb8\x78\xe1\x7b\x71\xd1\x82\xe5\xb8\x70\xfe\x85\xb8\xe8\x1d\xcb\
\xf1\x9e\xf9\xef\x41\x32\x9e\x9c\x7c\xe0\x69\x74\xa8\xf7\x30\x5e\
\x3e\xf6\x32\x5e\xee\x3e\x80\xdf\x74\xff\x06\xcf\x1d\x7e\x0e\xbf\
\x3c\xfc\x7c\x74\x6f\xce\x53\xac\x7d\x58\xfe\xe1\x9a\xc3\xe5\x8f\
\x20\xc8\x56\x77\xb6\x74\xee\x2e\xc5\xb1\x4a\x5a\xc6\x75\xad\xab\
\x7f\xaa\x8a\xeb\x4b\x79\x4c\x22\x5b\x0c\x1e\x19\x40\xff\xa1\x53\
\x43\xc0\x34\x17\x8a\x88\x60\xc9\xec\x25\x58\x3a\xfb\x9d\x58\x5c\
\xb5\x18\x4b\x67\xbf\x13\x4b\x66\x2f\xc1\x92\xaa\xc5\x38\xaf\x6a\
\x31\x16\x24\xe7\x63\x56\x62\xd6\x84\xf2\x17\x22\xd0\x00\x47\xfb\
\x8e\xe2\xe8\x89\x63\x38\x7c\xe2\x30\x8e\xf6\x1d\xc5\xa1\x9e\x43\
\x78\xb9\xfb\x00\x5e\xee\x3e\x59\xfa\xbd\x83\xbd\x93\xfa\x6f\xb2\
\xaa\x6c\x6d\xdb\x87\xe5\x1f\xae\xb9\x5c\xfe\x0a\xec\xeb\x68\x6a\
\xbb\xac\x34\x47\x9b\xb6\x0f\x03\x1a\x9d\x06\xde\x7f\x83\x04\x2d\
\xe0\xb3\x00\x14\x41\x89\x77\x54\x00\x82\x33\x43\xc0\x48\x45\x2c\
\x14\x85\xe2\xb5\xe3\xaf\xe1\xb5\xe3\xaf\x8d\xb9\x8f\x27\x1e\xe6\
\x54\xce\xc1\x9c\x19\xb3\x31\xbb\xe2\xe4\xbf\x67\xf8\x33\x90\xf0\
\x13\x98\xe1\xcf\x00\x00\x24\xe3\x95\xf0\xbd\x93\xbf\x26\x72\x9a\
\xc7\x89\xec\x09\xa8\x2a\x7a\x06\x7b\x00\x00\xc7\x07\x8e\x43\x55\
\x71\xb4\xff\x18\x8e\xf5\x1d\xc5\xb1\xbe\xee\xe1\x77\xdb\xb3\xa9\
\x24\xcb\x75\x1f\x96\x7f\xb8\xe6\x72\xf9\x03\x40\x90\xd5\xcf\x96\
\xee\x68\x06\x8a\xb8\xb6\x75\xf5\x83\x50\x4c\xdb\x9d\x8d\x88\x6c\
\x37\x78\xb4\xf0\x97\x03\xa6\xb5\x50\x5c\x28\x37\xee\x33\xfe\xe3\
\x59\xfe\xe1\x9a\xeb\xe5\x2f\x25\xba\xf2\x7f\xa8\x92\x5f\x95\xaf\
\xe2\x7d\x05\x40\xd1\x3f\xd5\x88\xc8\x15\x89\xf9\x15\x98\x71\x5e\
\xc5\x99\x05\x96\x3f\xf7\x99\xcc\x3e\x2c\xff\x70\xcd\xf5\xf2\x07\
\x00\xe4\xfc\x4f\x97\xf8\x88\xa5\x1f\x00\x3a\x36\x3c\xf6\xbc\x88\
\xdc\x5f\xea\xe3\x12\xd9\x24\x1c\x02\x58\xfe\xdc\x67\x32\xfb\xb0\
\xfc\xc3\xb5\x72\x28\x7f\x05\xda\xd3\x1b\x1f\x7d\xa6\xb4\x47\x35\
\xf4\xbe\xfc\xbc\x7a\x5f\x03\x30\xc6\x0b\xa1\x44\xd1\x90\x98\x5f\
\x81\x19\x8b\x2a\xce\x5a\x67\xf9\x73\x9f\x71\x1f\xcf\xf2\x0f\xd7\
\xca\xa1\xfc\x01\x68\xcc\xd7\x4f\x97\xfc\xa8\x30\x34\x00\x74\x36\
\xed\x3a\x20\xaa\x7f\x6f\xe2\xd8\x44\x36\x19\x39\x04\xb0\xfc\xb9\
\xcf\xb8\x8f\x67\xf9\x87\x6b\x65\x52\xfe\x00\xb0\xad\xfd\xda\xf6\
\xdf\x98\x38\xb0\xb1\x3b\xf3\x0d\xe6\xe3\x7f\x01\xe0\x6d\x53\xc7\
\x27\xb2\x45\x62\x7e\x05\x66\x2c\xac\x60\xf9\x73\x9f\xf1\x1f\xcf\
\xf2\x0f\xd7\xca\xa8\xfc\xf3\x81\x9f\xbd\xdd\xc8\x91\x61\x70\x00\
\xd8\xb3\xf1\xd1\x37\xa0\xfa\x2d\x53\xc7\x27\xb2\x49\x62\x41\x05\
\x2a\x46\x79\x39\x80\xe5\xcf\x7d\xc6\x5a\x63\xf9\x17\xe9\xfb\xc7\
\xdb\x63\xfa\x7d\xbf\xf3\xda\xce\x43\xa6\x0e\x6e\xf4\xde\xfc\xf9\
\x13\xd9\xfb\x00\x1c\x34\x99\x81\xc8\x16\x89\x79\x89\xe1\x43\x00\
\xcb\x9f\xfb\x8c\xb1\xc6\xf2\x2f\xd2\xf7\x8f\xb7\xc7\x34\x13\x48\
\xaf\x9f\x94\x3f\x31\x73\xf4\x93\x8c\x0e\x00\xbb\x37\xed\xee\x03\
\xf0\x67\x26\x33\x10\xd9\x24\x1c\x02\x58\xfe\xdc\x67\x8c\x35\x96\
\x7f\x91\xbe\x7f\xbc\x3d\x4a\x20\x87\xe0\x9e\xd4\x9a\xd4\xe8\x9f\
\x19\x5e\x22\x06\xff\xf3\x4f\x51\x48\x6d\xeb\xea\x27\x00\xac\x34\
\x1d\x85\xc8\x16\x83\xc7\x06\x31\x70\x78\x0a\x37\x0b\x72\xa1\xdc\
\xb8\xcf\xf8\x8f\x67\xf9\x87\x6b\xe5\x56\xfe\x80\xbe\x9e\x69\x6c\
\x5f\x0a\xc1\xe8\x9f\x69\x5d\x22\xe6\x3f\x9e\x57\xa0\x08\xe4\x4b\
\xa6\x63\x10\xd9\x24\x31\x2f\x81\x8a\x85\x93\xbc\x59\x90\x0b\xe5\
\xc6\x7d\xc6\x7f\x3c\xcb\x3f\x5c\x2b\xbf\xf2\x07\x80\xe0\x0f\x4d\
\x97\x3f\x60\xc3\x00\x00\x20\xd3\x92\x4a\x41\xb0\xd9\x74\x0e\x22\
\x9b\x24\xe6\x25\x90\x58\x30\xc1\x9b\x05\xb9\x50\x6e\xdc\x67\xfc\
\xc7\xb3\xfc\xc3\xb5\x72\x2c\x7f\x85\x3e\x99\x69\xca\x3c\x64\x36\
\xc5\x49\x56\x0c\x00\x00\xe0\x43\xfe\x33\x80\x5e\xd3\x39\x88\x6c\
\x52\xb1\x60\xc4\x33\x01\xa7\xb0\xfc\xcb\x74\x1f\x96\x7f\xb8\x56\
\x96\xe5\xaf\x08\x24\x08\x6e\x32\x9b\xe2\x0c\x6b\x06\x80\x54\x63\
\xea\xb7\x80\x7c\xd3\x74\x0e\x22\xdb\x24\xe6\x0e\x1f\x02\x58\xfe\
\x65\xba\x0f\xcb\x3f\x5c\x2b\xc7\xf2\x07\x00\x51\xf9\x5e\xa6\x25\
\x63\xcd\x3b\xdf\xac\x19\x00\x00\xa0\x4a\x2a\xbf\x03\xe0\x57\xa6\
\x73\x10\xd9\xe6\xf4\x10\xc0\xf2\x2f\xd3\x7d\x58\xfe\xe1\x5a\xb9\
\x96\x3f\x80\xe3\x55\xb1\x4a\xa3\x6f\xfb\x1b\xc9\xaa\x01\x60\x7b\
\xe3\xf6\x01\x08\xbe\x68\x3a\x07\x91\x8d\x12\x73\x13\xa8\x78\x47\
\x62\xf8\xa2\x0b\xe5\xc6\x7d\xc6\x7f\x3c\xcb\x3f\x5c\x2b\xe3\xf2\
\x87\x78\xc1\x67\xb7\x37\x6e\xb7\xea\x33\x70\x2c\xf9\xa3\x19\xae\
\xb6\x75\xf5\x83\x50\xdc\x68\x3a\x07\x91\x8d\xb2\xdd\x83\x18\x38\
\x32\xe8\x46\xb9\x71\x9f\xf1\x1f\xcf\xf2\x0f\xd7\xca\xbb\xfc\xa5\
\x2b\xbd\x21\x65\xdd\x5b\xdd\xad\x7a\x06\xe0\x34\xf1\x82\xcf\x01\
\xe8\x36\x9d\x83\xc8\x46\xf1\xb9\x09\x24\x16\x24\x46\xff\xa2\x4d\
\xe5\xc6\x7d\xc6\x7f\x3c\xcb\x3f\x5c\x2b\xe7\xf2\x07\x90\x97\x81\
\xc0\xca\xbf\xd0\x5a\x39\x00\xa4\xaf\x4b\xbf\xae\x90\xaf\x98\xce\
\x41\x64\xab\x93\x6f\x11\x2c\xec\xe5\x00\xa7\x4b\xb2\x5c\xf7\x61\
\xf9\x87\x6b\x65\x5e\xfe\x50\xc1\xd7\xdb\x6f\x68\x7f\xc5\x74\x8e\
\xd1\x58\xf4\xc7\x34\x82\x42\x6a\x5a\x57\xef\x14\x60\xad\xe9\x28\
\x44\xb6\x1a\xec\x1e\xc4\xe0\x9b\x63\xbf\x1c\xe0\x74\x49\x96\xeb\
\x3e\x2c\xff\x70\xad\xdc\xcb\x1f\xc0\x2b\x99\xc6\xb6\x65\xb0\xe0\
\xa6\x3f\xa3\xb1\xf2\x19\x00\x00\x80\x40\x05\xf9\xbb\x00\x18\xbd\
\x57\x32\x91\xcd\x12\xe3\xbc\x1c\xe0\x74\x49\x96\xeb\x3e\x2c\xff\
\x70\xad\xdc\xcb\x5f\x01\xf5\x24\xbe\xd1\xd6\xf2\x07\x6c\x1e\x00\
\x00\x64\x9a\x32\xbf\x02\xe4\xeb\xa6\x73\x10\xd9\x2c\x31\x37\x81\
\xc4\xfc\xe1\x43\x80\xd3\x25\x59\xae\xfb\xb0\xfc\xc3\xb5\x72\x2f\
\x7f\x00\x80\xea\xff\x69\x6f\xdc\xf9\xb4\xe9\x18\xe3\xb1\x7a\x00\
\x00\x00\x3f\x89\x6f\x02\xd8\x6b\x3a\x07\x91\xcd\x86\x0e\x01\x4e\
\x97\x64\xb9\xee\xc3\xf2\x0f\xd7\xa2\x51\xfe\x38\xd6\xbf\xb8\xf7\
\x2e\xd3\x31\xce\xc5\xfa\x01\x20\xb5\x26\x95\x93\x20\xf8\x2c\x80\
\xbc\xe9\x2c\x44\x36\x3b\xf9\x72\xc0\xd9\xb7\x0d\x06\xe0\x46\x49\
\x96\xeb\x3e\x2c\xff\x70\x2d\x12\xe5\x0f\x00\x90\x4d\x5d\x2b\xbb\
\xb2\xa6\x53\x9c\x8b\xf5\x03\x00\x00\xa4\x5b\xd2\x4f\x00\xf2\xb7\
\xa6\x73\x10\xd9\x2e\x31\x27\x8e\xc4\x3c\xde\x2c\xc8\x9a\x7d\x58\
\xfe\xe1\x5a\x54\xca\x5f\x15\xff\x9e\x69\x4e\xed\x34\x9d\xa3\x10\
\x4e\x0c\x00\x00\xd0\x17\xbc\xfd\x55\x00\x2f\x99\xce\x41\x64\xbb\
\xf8\xdc\x38\xe2\xa7\xaf\x09\x70\xa1\x24\xcb\x75\x1f\x96\x7f\xb8\
\x16\x95\xf2\x07\xd0\x1b\x9f\x29\xb7\x9a\x0e\x51\x28\x67\x06\x80\
\xae\x96\xae\x13\x81\xe8\x5d\x80\xbd\x57\x54\x12\xd9\x22\x31\x67\
\xc8\x10\x30\x92\x4d\x25\x59\xae\xfb\xb0\xfc\xc3\xb5\x08\x95\x3f\
\xc4\x97\xdb\x52\x6b\x52\x3d\xa6\x73\x14\xca\x99\x01\x00\x00\x3a\
\x1b\xdb\x77\x00\xf8\x9e\xe9\x1c\x44\x2e\x48\xcc\x89\x23\x5e\xe0\
\xcb\x01\x4e\x97\xad\x6d\xfb\xb0\xfc\xc3\xb5\x48\x95\xbf\xe8\xbf\
\xa6\xaf\x4d\xfd\x9b\xe9\x1c\x13\xe1\xd4\x00\x00\x00\x7d\x41\xcf\
\x97\x00\x3c\x6f\x3a\x07\x91\x0b\x86\x0d\x01\x36\x95\x64\xb9\xee\
\xc3\xf2\x0f\xd7\xa2\x54\xfe\x80\x1e\x8d\x55\x7a\xb7\x99\x4e\x31\
\x51\xce\x0d\x00\x5d\x2d\x5d\x27\xa0\xde\xad\x00\xac\xbf\xc2\x92\
\xc8\x06\xe3\xbd\x1c\xe0\x74\xd9\xda\xb6\x0f\xcb\x3f\x5c\x8b\x54\
\xf9\x0b\x54\xf3\xf9\xa6\xd4\x9a\x94\x73\x37\xad\x73\x6e\x00\x00\
\x80\x4c\xf3\x63\x5d\x2a\xf8\x86\xe9\x1c\x44\xae\x48\xcc\x8e\x23\
\x31\x97\x37\x0b\x9a\xb6\x7d\x58\xfe\xe1\x5a\xa4\xca\x1f\x00\x20\
\xf7\x75\x5c\xdf\xf1\xb8\xe9\x14\x93\xe1\xe4\x00\x00\x00\xfd\x8b\
\x7a\xfe\x02\xc0\x13\xa6\x73\x10\xb9\x22\x3e\xe4\xe5\x00\xa7\xcb\
\xd6\xb6\x7d\x58\xfe\xe1\x5a\xd4\xca\x5f\x05\xcf\x67\x36\xa4\xbe\
\x64\x3a\xc7\x64\x39\x3b\x00\x74\xad\xec\xca\x42\xf3\x1f\x07\x70\
\xdc\x74\x16\x22\x57\x24\x66\x8f\x72\x9f\x80\xd3\x5c\x28\x5b\xdb\
\xf6\x61\xf9\x87\x6b\x51\x2b\x7f\x00\xd9\x8a\x7c\x6c\x1d\x2c\xbe\
\xd7\xff\xb9\x38\x3b\x00\x00\x40\xa6\x39\xf3\x92\x42\xef\x30\x9d\
\x83\xc8\x25\xf1\xd9\x71\xc4\xe7\xc6\x87\x2f\xba\x50\xb6\xb6\xed\
\xc3\xf2\x0f\xd7\x22\x58\xfe\x80\x7a\x77\xee\x6a\xd9\xf5\xaa\xe9\
\x18\x53\x61\xfb\x1f\x71\x41\xea\x5a\x1b\xfe\x51\x55\x3f\x65\x3a\
\x07\x91\x4b\xb2\xc7\xb3\xc8\x76\x67\xdd\x28\x5b\xdb\xf6\x61\xf9\
\x87\x6b\x51\x2c\x7f\x05\x1e\xea\x68\x6a\xdb\x60\x3a\xc7\x54\x39\
\xfd\x0c\xc0\x69\x95\xb1\xc4\xe7\x00\xfc\xd2\x74\x0e\x22\x97\xc4\
\x67\xc7\x11\x9f\x17\x1f\xfd\x8b\x36\x95\xad\x6d\xfb\xb0\xfc\xc3\
\xb5\x28\x96\x3f\x80\x63\x41\xef\xe0\x87\x4d\x87\x28\x86\xb2\x18\
\x00\x76\x5c\xbb\xa3\x37\x80\x7c\x1c\x40\x9f\xe9\x2c\x44\x2e\x89\
\x57\xc5\x11\x9f\xc3\x9b\x05\x15\xfc\x78\x96\x7f\xb8\x16\xcd\xf2\
\xd7\xc0\x87\x7c\x68\xf7\xa6\xdd\x65\xd1\x35\x65\x31\x00\x00\x40\
\x67\x53\x6a\xaf\x0a\xaf\x07\x20\x9a\xa8\xf8\x6c\xff\xcc\x35\x01\
\x36\x95\xad\x6d\xfb\xb0\xfc\xc3\xb5\x68\x96\x3f\x80\x00\xf7\xa4\
\x9a\x52\x4f\x99\x8e\x51\x2c\x2e\xfc\x91\x4f\x48\xed\xd6\xd5\x7f\
\x07\x81\xf5\x9f\xc3\x4c\x64\x9b\xec\xdb\x59\x64\xdf\x3a\xfb\xfe\
\x5a\x4e\x97\x76\xb1\xf6\x61\xf9\x87\x6b\x51\x2d\x7f\x81\x6c\x4b\
\x37\xa5\x9a\x4d\xe7\x28\xa6\xb2\x79\x06\xe0\xb4\xbe\xc5\x3d\x7f\
\x04\x45\xc6\x74\x0e\x22\xd7\x9c\x7c\x39\x60\xf8\x35\x01\x4e\x97\
\x76\xb1\xf6\x61\xf9\x87\x6b\x51\x2d\x7f\x28\x5e\x3b\xda\x7b\xb8\
\x2c\x5e\xf7\x1f\xaa\xec\x06\x80\xae\x95\x5d\x59\x5f\xe4\x66\x00\
\xaf\x9b\xce\x42\xe4\x9a\xa1\x43\x80\xd3\xa5\x5d\xac\x7d\x58\xfe\
\xe1\x5a\x64\xcb\x5f\x90\x0d\x2a\x63\xd5\xfb\x37\xed\x1f\x34\x1d\
\xa5\xd8\xca\x6e\x00\x00\x80\x54\x53\xea\x77\x9e\xea\x4d\xe0\xe7\
\x05\x10\x4d\x58\xbc\x2a\x8e\xc4\x9c\x89\xbd\x3b\xc0\xaa\xd2\x2e\
\xd6\x3e\x2c\xff\x70\x2d\xb2\xe5\x0f\x20\x26\xf8\x68\xe7\xba\x5d\
\x07\x4c\xe7\x98\x0e\x65\x39\x00\x00\x40\x7b\x73\x7b\x27\x80\x2f\
\x9b\xce\x41\xe4\x22\xbf\x2a\x0e\x7f\xe4\x10\xe0\x42\x69\x17\x6b\
\x1f\x96\x7f\xb8\x16\xe5\xf2\xf7\xa0\xdf\x6d\xdb\xd0\xf6\x13\xd3\
\x39\xa6\x8b\x23\x3f\x86\xc9\xab\xdb\xd6\xf0\xcf\x0a\xfd\xa8\xe9\
\x1c\x44\x2e\xca\xf6\xe4\x90\x7b\x2b\x62\x37\x0b\x62\xf9\x87\x6b\
\x51\x2e\x7f\x05\x9e\xec\x68\x6a\xbb\xd2\x74\x8e\xe9\x54\xb6\xcf\
\x00\x9c\x56\xe9\x27\x6e\x07\xb0\xcf\x74\x0e\x22\x17\xc5\x67\xf9\
\x67\x3f\x13\x70\x9a\x4d\xa5\x5d\xac\x7d\x58\xfe\xe1\x5a\xa4\xcb\
\x5f\xf0\xe6\x4c\xbf\x62\x8d\xe9\x1c\xd3\xcd\x91\x1f\xc7\xd4\xd4\
\x6f\xa9\x7f\x6f\xe0\xc9\x93\x00\xe6\x98\xce\x42\xe4\xa2\x6c\x4f\
\x0e\xb9\xe3\x43\x2e\xa9\xb1\xa9\xb4\x8b\xb5\x0f\xcb\x3f\x5c\x8b\
\x72\xf9\x43\x90\xcb\x05\xfa\xfb\x8f\x37\xb7\x3f\x67\x3a\xca\x74\
\x2b\xfb\x67\x00\x00\xa0\xbd\xa5\xfd\xd7\x80\x7c\x0c\x40\xce\x74\
\x16\x22\x17\xc5\x67\xf9\x88\xcf\x2e\xe3\x9b\x05\xb1\xfc\xc3\xb5\
\x28\x97\xbf\x02\x0a\xc1\x2d\x51\x28\x7f\x20\x22\x03\x00\x00\x64\
\x9a\x52\x0f\xa9\xea\x9d\xa6\x73\x10\xb9\xca\x9f\xe5\x23\x3e\xdb\
\x1f\xf5\x6b\x2c\xff\x02\xbf\xbf\x80\x0c\x2c\x7f\x73\xc4\xd3\xaf\
\x67\x36\xb4\x6d\x36\x9d\xa3\x54\x62\xa6\x03\x94\xd2\x2b\x3f\x3a\
\xf0\xf4\xf9\xb7\x5e\x90\x04\x50\x63\x3a\x0b\x91\x8b\xbc\x44\x0c\
\x22\x82\x60\x30\x08\xd7\x58\xfe\x05\x7e\x7f\x01\x19\x58\xfe\x06\
\x29\x36\x67\x9a\xda\xef\x36\x1d\xa3\x94\x5c\xfa\xf1\x14\x87\x42\
\x6a\x5b\x57\xff\x10\xc0\x2d\xa6\xa3\x10\xb9\x2a\xd7\x93\x43\xf6\
\xed\x2c\xcb\x9f\xe5\x5f\x1e\xe5\x2f\xfa\xb3\xcc\x86\xf6\x95\x10\
\xa8\xe9\x28\xa5\x14\x99\x97\x00\x42\x02\xf5\x93\x72\x3b\x80\x4e\
\xd3\x51\x88\x5c\xe5\x0f\xbd\x26\x60\x24\x96\xff\x84\x33\xb0\xfc\
\x8d\x7a\xd5\xaf\xf4\x6a\xa2\x56\xfe\x80\x6b\x3f\xa6\x22\xba\xf2\
\xc1\x75\x0b\x12\x15\xb9\x4e\x00\x17\x9b\xce\x42\xe4\xaa\x5c\x6f\
\x0e\xb9\xb7\x87\x5c\x5b\xcb\xf2\x9f\x70\x06\x96\xbf\x51\xbd\xd9\
\x5c\xff\xf2\x3d\x1b\xf7\xbc\x61\x3a\x88\x09\xd1\x7b\x06\xe0\x94\
\x27\x3e\xfc\xe8\x9b\x81\xc4\x1a\x01\x1c\x36\x9d\x85\xc8\x55\xfe\
\x4c\x1f\x7e\xd5\xa9\x0b\x03\x59\xfe\x13\xce\xc0\xf2\x37\x2a\x27\
\xb9\xa0\x3a\xaa\xe5\x0f\x44\x78\x00\x00\x80\xce\xc6\x5d\x2f\xc2\
\x93\x0f\x03\xe8\x37\x9d\x85\xc8\x55\xfe\x4c\x1f\xfe\xac\xd1\xdf\
\x1d\xc0\xf2\x1f\x7b\x8d\xe5\x6f\x94\x7a\x9e\x6e\x4c\x6f\x4c\x3f\
\x63\x3a\x88\x49\x91\x1e\x00\x00\x20\xb3\x21\x95\x51\xe8\xa7\x00\
\x04\xe7\x7c\x30\x11\x8d\xca\x9f\x35\xca\x10\xc0\xf2\x1f\x73\x8d\
\xe5\x6f\x9a\x7e\xa1\x7d\x43\x7b\xab\xe9\x14\xa6\x45\x7e\x00\x00\
\x80\x8e\xa6\xf6\x07\x44\xf0\x15\xd3\x39\x88\x5c\x36\xec\x99\x00\
\x96\xff\x98\x6b\x2c\x7f\xb3\x54\xe5\x2f\x33\x4d\xed\xdf\x35\x9d\
\xc3\x06\x91\xba\x0f\xc0\x78\x0e\xde\x7f\xa0\xe3\xfc\xdb\xde\x53\
\x09\xa0\xd6\x74\x16\x22\x57\x79\x09\x0f\xf0\x30\xec\x3e\x01\xa7\
\xb1\xfc\x59\xfe\xa6\x29\xe4\x1f\x3a\x9a\x53\xff\xc9\x74\x0e\x5b\
\x70\x00\x18\xe2\xe0\x0f\x5f\x7e\xf4\xfc\x17\x2e\x58\x02\x60\x85\
\xe9\x2c\x44\xae\xf2\xe2\x1e\x20\x30\x7f\xb3\x20\x96\x7f\xb8\xc6\
\xf2\x07\x10\x60\x6b\x47\x73\xdb\xc7\x4d\xc7\xb0\x09\x5f\x02\x18\
\x4a\xa0\x99\x27\xda\xee\x12\xc8\xbf\x98\x8e\x42\xe4\x32\x3f\xe9\
\xc3\x9f\x79\xf2\xe5\x00\x96\x3f\xcb\xdf\x38\x95\x47\x33\xcd\x6d\
\xd7\x9b\x8e\x61\x1b\x0e\x00\x23\xdd\x8b\xe0\x68\xef\xe1\x4f\x42\
\xf4\x61\xd3\x51\x88\x5c\xe6\xcf\xf4\x11\x9f\x65\xe0\x66\x41\x2c\
\xff\x70\x8d\xe5\x0f\x40\xe4\xf1\xcc\x53\xa9\x0f\x21\x82\x37\xfa\
\x39\x17\x0e\x00\xa3\xd8\xbf\x69\xff\x60\xbe\x27\x7b\xa3\x02\xbb\
\x4c\x67\x21\x72\x59\x2c\x19\x0b\x9f\x09\x08\xb1\xfc\x0b\xce\xc0\
\xf2\x9f\x1a\x05\xf6\xf9\x95\xa8\xc3\xbd\x7c\x97\xd7\x68\x38\x00\
\x8c\x61\xf7\xa6\xdd\x7d\xfd\x41\x4f\x0b\x04\x29\xd3\x59\x88\x5c\
\x36\x6c\x08\x60\xf9\x17\x9c\x81\xe5\x3f\x45\x8a\x5f\xcf\x96\xe4\
\xca\xd4\x9a\x14\x3f\x06\x7e\x0c\x1c\x00\xc6\xd1\xd5\xd2\x75\x22\
\x19\xab\x68\x06\x90\x36\x9d\x85\xc8\x65\xb1\x64\x6c\x7a\x6f\x16\
\xc4\xf2\x0f\xd7\x58\xfe\x00\x80\x03\xc9\x78\xc5\x15\xdb\x1b\xb7\
\x0f\x98\x0e\x62\x33\xf7\x7e\xac\x06\xac\x7f\x64\xfd\x9c\xfe\xc1\
\xec\x0e\x00\x57\x9a\xce\x42\xe4\xb2\xfc\x89\x1c\x72\x27\xf2\x67\
\x16\x58\xfe\x67\xad\xb3\xfc\xa7\x46\x81\x57\x91\xcb\xbd\xbf\x63\
\x63\xc7\xdb\xa6\xb3\xd8\x8e\xcf\x00\x14\x60\xe7\x35\x3b\xdf\x82\
\xe6\xaf\x03\x74\x8f\xe9\x2c\x44\x2e\x8b\x0d\x79\x77\x00\xcb\xff\
\xec\x75\x96\xff\x14\x09\x5e\x8b\x0f\xca\x07\x58\xfe\x85\xe1\x00\
\x50\xa0\x4c\x73\xe6\x58\xd2\x9f\xb1\x0e\xc0\x4e\xd3\x59\x88\x5c\
\x16\xab\x1c\xe5\xc2\xc0\x53\x58\xfe\x85\x3d\x76\xe4\x1a\xcb\x1f\
\x50\xc1\xcb\x9a\xcd\xbd\x2f\x75\x63\xaa\xdb\x74\x16\x57\x70\x00\
\x98\x80\x1d\xd7\xee\xe8\xad\x92\x64\xb3\x08\xfe\xdd\x74\x16\x22\
\x97\xc5\x2a\x63\xf0\x93\xc3\x87\x00\x96\x7f\x61\x8f\x1d\xb9\xc6\
\xf2\x07\x04\x78\x2e\xe8\x19\xbc\x84\x7f\xf3\x9f\x18\xc7\x7e\xcc\
\x76\xb8\xf4\x81\x4b\x13\xf3\x92\xef\xb8\x1f\x82\x9b\x4c\x67\x21\
\x72\x59\xbe\x2f\x8f\xdc\x89\x1c\xcb\xbf\xc0\xc7\x8e\x5c\x63\xf9\
\x03\x00\xf6\x55\x49\x72\x25\x2f\xf8\x9b\x38\x3e\x03\x30\x09\xfb\
\x37\xed\x1f\x5c\x72\x62\xd1\xc7\x14\xf8\x47\xd3\x59\x88\x5c\x36\
\xda\x33\x01\x21\x96\xff\xb8\xfb\xb2\xfc\x01\x00\x4f\xf9\x49\xe1\
\xd5\xfe\x93\xe4\xde\x8f\xdb\x26\x0a\xa9\xd9\xbe\xfa\xbb\xa2\xe0\
\x87\x4b\x10\x4d\x41\xbe\x2f\x8f\x7c\xdf\x39\xde\x1d\xc0\xf2\x0f\
\xd7\x58\xfe\x00\x14\xa9\xcc\x53\x6d\xeb\x78\x93\x9f\xc9\x73\xed\
\x47\x6e\x1f\x85\xd4\x6e\x6b\xf8\x0e\x44\xff\xc4\x74\x14\x22\x97\
\x85\x43\x00\xcb\x7f\xdc\x7d\x59\xfe\x00\x14\x3f\xce\x34\xb5\x6d\
\x02\x6f\xef\x3b\x25\x7c\x09\x60\xaa\x04\x9a\x69\x4e\x7d\x11\xaa\
\x5f\x36\x1d\x85\xc8\x65\xb1\xca\x18\x62\xc9\x51\x3e\xa0\x94\xe5\
\x1f\xae\xb1\xfc\x01\x11\xb9\x3f\xd3\xdc\x76\x33\xcb\x7f\xea\x38\
\x00\x14\x49\xa6\xb9\xfd\x5b\x02\xfc\x29\xc0\x93\x92\x68\xb2\x62\
\x33\x62\x88\x55\x0e\x19\x02\x58\xfe\xe1\x1a\xcb\x1f\x50\xe0\x3b\
\xe9\xc6\xd4\x6d\xa6\x73\x94\x0b\xc7\x7e\xfc\xf6\xab\x6b\x6d\xb8\
\x49\x55\xff\x1f\x80\x4a\xd3\x59\x88\x5c\x95\xef\xcf\x23\xdf\x9f\
\x3f\x6b\x9d\xe5\x5f\xa4\xef\x1f\x6f\x0f\x3b\x69\xa0\xf8\xa3\xce\
\xe6\xb6\xbf\x31\x1d\xa4\x9c\xb8\x75\x0a\x38\xa2\x7a\xcb\xea\x55\
\x9e\x87\x9f\x02\x58\x68\x3a\x0b\x91\xab\xf2\x03\x01\xf2\x7d\x67\
\x3e\xc7\x85\xe5\x5f\xa4\xef\x1f\x6f\x0f\x3b\xe5\x54\xf5\x23\x1d\
\xcd\xed\xbc\xff\x4a\x91\xb9\x75\x1a\x38\xa4\xba\x75\xed\x72\x4f\
\xf3\xdb\x00\xfc\x9e\xe9\x2c\x44\xae\x3a\x3d\x04\xb0\xfc\x8b\xf4\
\xfd\xe3\xed\x61\x21\x01\x7a\x91\x0b\xaa\xd3\x1b\xd3\xcf\x98\xce\
\x52\x8e\x1c\x3a\x15\xdc\xb3\xea\xa1\x55\xf3\x63\xf9\xc4\xbf\x01\
\xa8\x33\x9d\x85\xc8\x55\xc1\x40\x30\xea\xcb\x01\x2c\xff\x09\x7e\
\xff\x78\x7b\xd8\x48\xf0\x7a\x36\xdb\x7f\xc5\x9e\x8d\x7b\xde\x30\
\x1d\xa5\x5c\xf1\x22\xc0\x69\xb4\xfb\xba\xdd\x47\xab\x24\x79\x0d\
\x80\x1f\x99\xce\x42\xe4\x2a\xaf\xc2\x43\x6c\xc6\x88\x77\x07\xb0\
\xfc\x27\xf6\xfd\xe3\xed\x61\x21\x85\x3e\x9d\xef\x19\x5c\xce\xf2\
\x9f\x5e\x0e\x9d\x12\x0e\x53\x48\x6d\x6b\xc3\xd7\x00\xfd\x9a\xe9\
\x28\x44\xae\xca\x0f\x04\x08\xfa\xc7\xb8\x4f\x00\xc0\xf2\x1f\xeb\
\xfb\xc7\xdb\xc3\x4e\x5b\x32\x4f\xb6\xdd\xc0\x1b\xfc\x4c\x3f\xb7\
\x4e\x0b\xc7\xd5\x6c\xad\xbf\x5d\x44\xbe\x07\x20\x6e\x3a\x0b\x91\
\x8b\x82\xc1\xc2\x5e\x0e\x60\xf9\x17\xb0\x87\x6d\x14\x50\xc5\x37\
\x3a\x5a\xda\xbe\x6a\x3a\x4a\x54\xb8\x72\x6a\x94\x8d\x9a\xd6\xd5\
\x1b\x44\xf1\xcf\x00\x66\x9b\xce\x42\xe4\xa2\xb3\x86\x00\x96\xbf\
\xfb\xe5\x0f\xe4\xe0\xe1\x96\xcc\x86\xb6\xcd\xa6\x83\x44\x89\x3b\
\xa7\x47\x19\xa9\xdf\x52\xff\xde\xc0\x93\x7f\x05\x70\x99\xe9\x2c\
\x44\x2e\x0a\x87\x00\x96\x7f\x39\x94\x7f\x77\xa0\x52\xd7\xd9\x9c\
\xda\x67\x3a\x48\xd4\xf0\x22\x40\x03\xda\x5b\xda\x7f\xed\x27\xa5\
\x5a\x20\xff\x62\x3a\x0b\x91\x8b\xbc\xc4\xd9\x17\x06\xb2\xfc\x0b\
\xd8\xc3\x3e\x5d\x49\xbf\xe2\x5d\x2c\x7f\x33\xdc\x39\x4d\xca\x54\
\xed\xd6\xd5\x9f\x81\xe0\x6f\xc1\xeb\x02\x88\x26\x2c\x3f\x18\x20\
\x18\xc8\xb3\xfc\x0b\xd9\xc3\x3a\xfa\xfd\x4c\x53\xfb\x9d\xa6\x53\
\x44\x99\x33\xa7\x4a\x39\xab\xd9\xba\xba\x4e\x04\x0f\x00\x58\x6c\
\x3a\x0b\x91\x6b\x82\x41\x45\x30\x38\xca\x85\x81\x00\xcb\xdf\x4e\
\xd9\x20\x08\x6e\xe9\x6c\x49\xff\xd8\x74\x90\xa8\x73\xe3\x74\x89\
\x80\x55\x5b\xd6\x2e\xf5\x63\xf9\xcd\xaa\x58\x65\x3a\x0b\x91\x6b\
\x82\xac\x22\x18\x18\x31\x04\xb0\xfc\xed\x23\xf8\x1d\xe2\xf9\xab\
\x32\xd7\x64\x0e\x9a\x8e\x42\xbc\x06\xc0\x1a\xbb\x5b\x76\xbd\x1a\
\xab\x94\x7a\x88\x7c\xcb\x74\x16\x22\xd7\x78\x71\x81\x57\x31\xfe\
\xa7\x08\xb2\xfc\x8d\xdb\x79\xac\xe7\xc8\x32\x96\xbf\x3d\xdc\x38\
\x6d\x22\xa6\xa6\xb5\xfe\x56\x51\xf9\x5f\x00\x92\xa6\xb3\x10\xb9\
\x24\x18\x0c\x10\x64\x47\xb9\x7f\x0c\xcb\xdf\x24\x55\xe0\x9e\x8e\
\xa6\xb6\x6f\x98\x0e\x42\xc3\xd9\x7f\xea\x44\x54\xf5\xb6\x86\xcb\
\x3d\xe8\x3f\x01\x78\x9f\xe9\x2c\x44\x2e\x09\xb2\x23\xae\x09\x60\
\xf9\x9b\xd4\x9d\x88\xc5\xae\xdd\x75\xdd\xae\x27\x4c\x07\xa1\xb3\
\xf1\x25\x00\x4b\x75\x36\xa5\xf6\xfa\x49\xb9\x02\xc0\x5f\x03\x50\
\xd3\x79\x88\x5c\xe1\xc5\x05\x5e\xe2\xd4\xcb\x01\x2c\x7f\x63\x14\
\xd8\xd5\x17\xf4\x2c\x65\xf9\xdb\xcb\xf2\x53\x88\x00\xa0\x6e\xeb\
\x9a\x6b\x55\x82\xff\x0b\x60\x89\xe9\x2c\x44\xae\x08\x72\x67\x9e\
\x09\x60\xf9\x97\x90\x20\x2b\x1a\xdc\x9d\x6e\x4a\xff\x6f\xd3\x51\
\x68\x7c\x36\x9f\x46\x34\x44\xf5\xc3\xd5\x8b\xbc\x5c\xfc\x1f\x00\
\x34\x9b\xce\x42\xe4\x8a\x20\xa7\xd0\xc1\x21\xd7\x04\xb0\xfc\xa7\
\xdb\x41\x24\xf2\x75\xbc\xd0\xcf\x0d\x76\x9f\x4a\x34\x9c\x42\x6a\
\xb7\xad\xbe\x03\x82\xff\x09\x5e\x20\x48\x54\x90\x20\xab\xd0\x6c\
\xc0\xf2\x9f\x4e\x02\x85\xe2\x6f\x32\x8d\x6d\x7f\x0c\xe1\x4b\x96\
\xae\xb0\xf5\x74\xa2\x71\xd4\xb5\xd6\x5d\xa2\xea\xdd\x0f\xe0\x72\
\xd3\x59\x88\x5c\xa0\x39\x3d\xfb\xdd\x01\x2c\xff\x62\xe9\x0e\x82\
\x6c\x63\x67\x4b\xe7\x6e\xd3\x41\x68\x62\x78\x11\xa0\x83\xd2\x8d\
\xe9\x67\xab\x24\x79\xf5\xa9\x7b\x06\xf0\x33\xb3\x89\xce\x41\x7c\
\x81\x17\x1f\xf2\xeb\x8e\xe5\x5f\x1c\x01\xb6\x56\x49\x72\x31\xcb\
\xdf\x4d\xb6\x9e\x56\x54\xa0\xea\xd6\xfa\x0f\x79\x27\xef\x19\xb0\
\xcc\x74\x16\x22\xdb\x69\x4e\x11\xe4\xc6\x98\x99\x59\xfe\x85\x13\
\xf4\x7a\x81\xf7\xc9\xf6\xe6\xc7\x1e\x34\x1d\x85\x26\xcf\xc6\x53\
\x8b\x26\x68\xc5\x96\x15\xc9\xca\x58\xd5\x9f\x43\xf5\x8b\x00\x62\
\xe7\xfc\x06\xa2\x08\xd3\x5c\x80\x20\x37\xe2\x65\x6a\x96\x7f\xc1\
\x44\xe5\xd1\xd8\x4c\xdc\x90\x5a\x93\xea\x31\x9d\x85\xa6\xc6\xc2\
\xd3\x8b\x26\xab\xbe\xb5\xfe\x8a\x40\xe5\xef\x01\xac\x30\x9d\x85\
\xc8\x66\x9a\x1f\x72\x4d\x00\xcb\xbf\x50\x6f\x89\x06\x1f\x4d\x37\
\xa7\x1f\x36\x1d\x84\x8a\x83\xd7\x00\x94\x91\xf6\xc6\xf6\xa7\xfd\
\xa4\x5c\x0d\xd5\x2f\x03\xe8\x37\x9d\x87\xc8\x56\x12\x3b\x75\x4d\
\x00\xcb\xff\x9c\x14\x50\x81\xfc\xf0\x58\xef\x91\x45\x2c\xff\xf2\
\x62\xd1\x69\x46\xc5\x54\xdd\xba\x76\xb9\x17\xe4\xbe\x0f\x91\x75\
\xa6\xb3\x10\xd9\x4a\xf3\x0a\x1d\xfa\x72\x00\xcb\x7f\xa4\xdf\x49\
\x2c\xd6\x94\xbe\x6e\xd7\xcf\x4c\x07\xa1\xe2\xb3\xeb\x54\xa3\xe2\
\x52\x48\xed\xf6\xfa\x4f\x08\xe4\x3e\x55\x2c\x30\x1d\x87\xc8\x46\
\x9a\x53\x68\x5e\x59\xfe\xc3\x48\x5e\xa0\xdf\x4e\x37\xb6\xdd\xc3\
\xf7\xf5\x97\x2f\x6b\x4e\x37\x9a\x3e\x0d\xdb\x1a\x16\xe7\xa0\xdf\
\x06\xf0\x09\xd3\x59\x88\x6c\xa4\xc1\x88\x67\x02\x4e\x8b\x62\xf9\
\x0b\xf6\x23\x1f\x6f\xcc\xb4\xec\xe4\xdd\xfc\xca\x9c\x2d\xa7\x1c\
\x95\x40\xed\xd6\x86\xf5\x10\xfd\x6b\x00\xef\x37\x9d\x85\xc8\x36\
\x9a\x3f\xf5\x4c\xc0\x69\xd1\x2b\xff\xb7\x35\x90\xbb\x3a\x5a\x52\
\xf7\x9b\x0e\x42\xa5\x61\xc7\x69\x47\x25\xb3\xe2\xa9\x15\xf1\xca\
\x37\x66\xde\x0d\xc8\x7f\x07\x50\x65\x3a\x0f\x91\x4d\xc2\x21\x20\
\x42\xe5\xaf\x8a\x40\x3c\xfc\xa0\x0a\xc9\xbb\xb6\x37\x6e\x1f\x30\
\x9b\x86\x4a\x89\x03\x40\x44\xd5\xfc\xb4\xe6\x9d\xe2\xfb\xdf\x04\
\x70\x1b\x78\x1e\x10\x85\x34\xaf\xd0\xe0\xec\xfb\x04\x94\x65\xf9\
\x03\xfb\x44\xf3\x1b\x33\xcd\x99\x97\xcc\x26\x21\x13\xf8\x8b\x3f\
\xe2\xea\xb7\xd5\xd7\x07\x90\xbf\x02\xb0\xd2\x74\x16\x22\x5b\x0c\
\x1b\x02\xca\xb1\xfc\x05\x87\x62\xc0\xa7\xdb\x1a\xdb\xb6\x1b\x4c\
\x41\x86\x71\x00\xa0\xd3\x9f\x32\x78\x13\x04\xdf\x02\xf0\x1e\xd3\
\x71\x88\x6c\xa0\x79\x85\xaa\x96\x5b\xf9\xf7\xa9\x87\xaf\x75\x5c\
\xd7\xf6\x97\xbc\xba\x9f\x38\x00\x50\xe8\xd2\x07\x2e\x4d\xcc\x9b\
\xb9\xe0\x2e\x40\xfe\x2b\x80\x39\xa6\xf3\x10\x19\x17\x28\x74\xe8\
\x47\x07\xb8\x5a\xfe\xaa\x01\x44\x7e\xe0\x27\xe5\xee\xd4\x9a\x14\
\x6f\x12\x46\x00\x38\x00\xd0\x28\xaa\x1f\xae\x5e\xe4\xe5\x12\x5f\
\x05\xf4\x4e\x00\x15\xa6\xf3\x10\x19\x75\x7a\x08\x70\xb2\xfc\x55\
\x21\xd8\x11\xf4\xe7\x3e\xd9\xf9\xe1\xce\xfe\x1d\x79\xea\x00\x00\
\x05\x66\x49\x44\x41\x54\x43\xa5\x3e\x3a\xd9\x8d\x03\x00\x8d\xa9\
\xfe\xe1\xfa\x77\x07\x79\xf9\x33\x28\xfe\x10\x80\x6f\x3a\x0f\x91\
\x31\x81\x42\x47\x7b\xc2\xdc\xea\xf2\x47\x97\x1f\x93\x8f\xa5\xae\
\x4b\xbd\x50\xf2\x23\x93\x13\x38\x00\xd0\x39\xd5\x6c\x5f\xf3\x7b\
\x12\x04\xf7\x00\xb8\x15\xfc\xfc\x08\x8a\xaa\x91\x43\x80\xb5\xe5\
\xaf\xbf\x90\x9c\xde\x96\xde\x98\x7e\xa6\x94\x47\x25\xf7\x70\x00\
\xa0\x82\x9d\xfa\xb4\xc1\x3f\x07\xb0\x11\x3c\x77\x28\x8a\x4e\x0f\
\x01\x16\x96\xbf\x42\x9f\x0d\xb2\xb8\x63\xf7\x0d\xed\x9d\xa5\x39\
\x22\xb9\x8e\xbf\xc4\x69\xc2\xaa\xb7\x36\x7c\xc0\x13\xfd\x53\x00\
\xb7\x00\x88\x99\xce\x43\x54\x52\x3a\xca\xcb\x01\x66\xcb\xff\x57\
\x92\x0f\x3e\x93\xbe\x3e\xdd\x56\x92\xa3\x51\xd9\xe0\x00\x40\x93\
\x56\xbf\xad\xfe\xb2\x40\xe4\xbf\x40\xf1\x11\xf0\xa5\x01\x8a\x92\
\xa1\x43\x80\xa9\xf2\x57\xd9\x9f\x93\xdc\xed\x8f\x37\x65\xf6\x4c\
\xf3\x91\xa8\x4c\x71\x00\xa0\x29\xab\x6e\x5d\xbb\xdc\xd3\xfc\xe7\
\x01\xdc\x01\xa0\xd2\x74\x1e\xa2\x92\x50\xc5\xc9\x57\x03\x4a\x58\
\xfe\x02\x15\xc5\x53\xf9\x41\xf9\x4c\xe7\x8d\xa9\xbd\xd3\x74\x14\
\x8a\x08\x0e\x00\x54\x34\xa7\xde\x3e\x78\x37\xa0\x9f\x07\x30\xcf\
\x74\x1e\xa2\x69\x57\xe8\x3b\x03\xa6\x7c\x1c\x0d\x54\xe4\x51\x9d\
\x11\xbb\xa3\x73\xdd\xae\x03\xd3\x70\x04\x8a\x20\x0e\x00\x54\x74\
\xeb\x1f\x59\x3f\xa7\x7f\x60\xf0\x4e\x88\x7c\x0e\xc0\xbb\x4d\xe7\
\x21\x9a\x56\xe7\x7a\x67\xc0\xd4\x0c\x00\xf8\x51\x5f\xa2\xe7\x0b\
\x5d\xd7\x74\xbd\x55\xf4\xdd\x29\xd2\x38\x00\xd0\xf4\xb9\x17\x5e\
\xed\x95\xab\x9b\xa0\xf8\x3c\x80\xf5\xa6\xe3\x10\x4d\x9b\xb1\xde\
\x19\x30\xd9\xed\x04\x6f\x22\xc0\x7d\xf1\x99\xf2\xed\xd4\x9a\x54\
\xae\x78\x3b\x13\x9d\xc1\x01\x80\x4a\xa2\x6e\x4b\xdd\x95\xea\x79\
\x7f\x0c\xe0\x26\x00\x71\xd3\x79\x88\xac\x23\x50\x28\xf6\x05\xa2\
\x5f\xec\x6c\x6c\xdf\x61\x3a\x0e\x95\x3f\x0e\x00\x54\x52\x0d\xdb\
\x1a\x16\xe7\x34\xf8\x14\x44\x3e\x0b\x7e\xf0\x10\x11\x54\x75\x10\
\xe2\x6d\x8f\xf9\xc1\x17\xda\xaf\x6d\xff\x8d\xe9\x3c\x14\x1d\x1c\
\x00\xc8\x8c\x7b\xe1\xd5\xae\x6c\x58\x0b\x4f\x3f\x03\xc5\x8d\xe0\
\xad\x86\x29\x72\xf4\x20\x20\x7f\xe5\x27\xe5\xef\xf8\x34\x3f\x99\
\xc0\x01\x80\x8c\xab\xde\xb6\x76\x99\x87\xe0\x3f\x02\xfa\x69\x00\
\xcb\x4c\xe7\x21\x9a\x36\x82\x7e\x28\x1e\xd1\x5c\xee\x4b\x1d\x1b\
\x3b\x9e\x37\x1d\x87\xa2\x8d\x03\x00\xd9\xe3\x5e\x78\xb5\x57\x35\
\x54\x43\xf5\x13\x08\x70\x0b\x04\xb3\x4c\x47\x22\x9a\x32\x51\x85\
\x7a\xcf\x03\xfa\x3f\x32\x8d\x6d\x3f\x84\x8c\xfa\xe6\x41\xa2\x92\
\xe3\x00\x40\x56\x5a\xff\xc8\xfa\x39\x03\xd9\xec\xa6\x40\x71\x9b\
\x00\xb5\xe0\x9d\x06\xc9\x2d\x01\x04\xed\x1a\x20\xdd\x9b\x7d\xeb\
\xbe\xbd\x37\xee\xed\x36\x1d\x88\x68\x24\x0e\x00\x64\xbd\x55\x5b\
\xd6\x2e\x8d\x79\xb9\x9b\x00\xdc\x0c\x48\x8d\xe9\x3c\x44\xe3\x78\
\x16\x90\xcd\x5e\x3e\xf8\x41\xfb\xf5\xbc\xa0\x8f\xec\xc6\x01\x80\
\x9c\xb2\x6a\x4b\xc3\xfb\xbc\x98\x7e\x5c\x14\x37\x03\x78\xbf\xe9\
\x3c\x44\x50\xec\x87\xe8\x66\x20\xf8\xa7\x4c\x53\xe6\x57\xa6\xe3\
\x10\x15\x8a\x03\x00\x39\xab\x76\x6b\xed\x85\x10\xaf\x05\x27\x9f\
\x19\xa8\x06\xcf\x67\x2a\x9d\x67\x01\xd9\x2c\x92\x7f\x20\xdd\x98\
\x7e\xd6\x74\x18\xa2\xc9\xe0\x2f\x4c\x2a\x0b\xb5\x5b\x6b\x2f\x14\
\x89\x7d\x24\x00\x9a\x05\xa8\x01\x3f\xa6\x98\x8a\x2b\x07\x68\x07\
\x04\x5b\xbc\x1c\x1e\xe4\xd3\xfb\x54\x0e\x38\x00\x50\xd9\xa9\xdd\
\x5a\x3b\x0f\x88\xad\x87\x87\xf5\x50\x5c\x0f\x60\xb1\xe9\x4c\xe4\
\x1e\x11\xbc\xa9\xc0\x2e\x40\xb7\x22\x08\xb6\x64\x9a\x33\xc7\x4c\
\x67\x22\x2a\x26\x0e\x00\x54\xd6\x6e\x7e\xe0\xe6\xd8\xeb\x55\x87\
\x57\x49\x5e\x3f\xa4\x82\x6b\x00\xfc\x07\xf0\xd9\x01\x1a\x5d\x4e\
\x04\x4f\x06\xc0\x23\xb1\x40\x1f\x3e\xef\xc4\x79\x7b\x36\x6f\xda\
\x9c\x37\x1d\x8a\x68\xba\x70\x00\xa0\x48\x69\xf8\x49\xc3\xdc\x9c\
\xaf\x6b\x20\xb8\x46\x80\x6b\x54\x70\x91\xe9\x4c\x64\xd4\xaf\x01\
\x3c\x22\x22\x8f\x54\xc4\xfd\xc7\x76\x5e\xb3\x93\x9f\xb8\x47\x91\
\xc1\x01\x80\x22\xed\xe4\x67\x13\x68\x1d\x04\xb5\x38\x79\xed\xc0\
\x07\xc1\xff\x2f\xca\xd9\x4b\x00\x3a\xa0\xc8\xf8\x31\xd9\x91\xda\
\x90\x7a\xd9\x74\x20\x22\x53\xf8\x8b\x8e\x68\x88\xea\x87\xab\x17\
\xc5\x72\x15\x75\x01\x82\x1a\x01\xae\xc2\xc9\x81\x60\x86\xe9\x5c\
\x34\x29\xfd\x80\x76\x01\xb2\x47\x55\x3b\x3c\x4f\xd3\xe9\xc6\xf4\
\x61\xd3\xa1\x88\x6c\xc1\x01\x80\x68\x1c\x2b\x9e\x5a\x11\x4f\xbe\
\x9e\xbc\x02\xe2\x5d\x05\xc8\x55\x2a\x7a\x25\x80\xe5\xe0\x9d\x09\
\x6d\x13\x00\x78\x41\x81\x27\x20\xb2\x47\x45\xf7\x0c\x2c\xec\xd9\
\xdb\xb5\xb2\x2b\x6b\x3a\x18\x91\xad\x38\x00\x10\x4d\x50\xcd\x4f\
\x6b\xaa\x24\x96\xb8\x18\x5e\xfe\x52\xa8\xac\x00\x74\x05\x20\x1f\
\x04\x50\x69\x3a\x5b\x44\x64\x71\xf2\xb5\xfb\x2e\x40\xbb\xa0\xde\
\xfe\xbc\x3f\xf0\xb3\xdd\xd7\xed\x3e\x6a\x3a\x18\x91\x4b\x38\x00\
\x10\x15\x41\xc3\x63\x0d\x7e\xae\x37\x77\x3e\xbc\xd8\xa5\x08\xf4\
\x12\x88\x5c\x0a\xe0\x12\x9c\xbc\x5b\x61\xd2\x70\x3c\x57\x65\x01\
\xbc\x02\xe0\x59\x88\xec\x07\x82\x67\x11\xc4\xf6\xfb\x33\x75\x7f\
\x6a\x4d\xaa\xdf\x74\x38\x22\xd7\x71\x00\x20\x9a\x46\x0d\x8f\x35\
\xf8\x83\x7d\xde\x32\x20\xb7\xdc\x0b\xe4\x22\x08\x96\x2b\x74\xb9\
\xa8\x5c\x04\xc1\x85\xe0\xb3\x06\x7d\x00\x5e\x54\xe8\x8b\xa2\xde\
\x0b\xe2\xe9\x8b\x79\xe8\x8b\x5e\x10\xbc\xe0\xcf\xf4\x0f\xa6\xd6\
\xa4\x72\xa6\x03\x12\x95\x2b\x0e\x00\x44\x06\xd5\xb5\xd6\x2d\x14\
\xc8\xbb\xf2\x01\xde\xed\x41\x96\xa9\xe0\x5d\x00\xde\x05\xe8\x52\
\x40\x16\x02\x38\xfd\x8f\x8b\x0e\x41\x71\x18\x1e\x0e\x4b\x20\xaf\
\xaa\xe8\xab\x2a\xf2\x8a\x40\x0f\x78\xd0\xdf\x7a\x79\xef\x95\x54\
\x4b\xea\x88\xe9\x90\x44\x51\xc5\x01\x80\xc8\x72\x0d\x8f\x35\xf8\
\xf9\x81\xfc\x42\x28\x16\x02\xfe\x42\xcd\x07\xf3\xc5\xc3\x5c\x28\
\xe6\x06\x8a\xb9\x22\x98\x0b\x60\x2e\x04\x95\x50\x54\x41\x31\x03\
\x82\x4a\x00\xb3\x00\xc4\x45\x30\x47\x75\xd8\x45\x8b\x33\x70\xf6\
\x33\x0f\x7d\x00\xc2\xa7\xd5\x45\x10\xa8\xe2\x2d\x00\x83\x00\x7a\
\xa1\xe8\x83\xa0\x1f\x82\xb7\xa1\xe8\x03\xd0\xad\x8a\x6e\x40\x8e\
\x79\x82\x6e\x08\xba\x21\x72\x0c\xc8\x1d\x86\xe0\x70\xac\x22\x76\
\x98\x7f\x7b\x27\xb2\xdb\xff\x07\x58\xd3\xbe\xc4\xe8\x41\x78\x27\
\x00\x00\x00\x00\x49\x45\x4e\x44\xae\x42\x60\x82\
\x00\x00\x40\xa9\
\x89\
\x50\x4e\x47\x0d\x0a\x1a\x0a\x00\x00\x00\x0d\x49\x48\x44\x52\x00\
\x00\x02\x00\x00\x00\x02\x00\x08\x06\x00\x00\x00\xf4\x78\xd4\xfa\
\x00\x00\x00\x09\x70\x48\x59\x73\x00\x00\x0e\xc3\x00\x00\x0e\xc3\
\x01\xc7\x6f\xa8\x64\x00\x00\x00\x19\x74\x45\x58\x74\x53\x6f\x66\
\x74\x77\x61\x72\x65\x00\x77\x77\x77\x2e\x69\x6e\x6b\x73\x63\x61\
\x70\x65\x2e\x6f\x72\x67\x9b\xee\x3c\x1a\x00\x00\x20\x00\x49\x44\
\x41\x54\x78\x9c\xec\xdd\x79\x9c\x9d\x65\x7d\xff\xff\xf7\x75\xdd\
\xf7\x7d\x66\xc9\xca\x26\xca\xaa\xd5\xba\x80\x4b\x55\x2a\x24\x41\
\x24\x55\xaa\xa0\xd9\x66\x32\x58\x70\x03\xad\xd8\xaf\x56\x71\x6b\
\x6d\xfd\x55\x8d\x5a\xeb\x56\xf7\xa5\x75\xa9\x5a\x71\xa9\x8c\x09\
\x88\xac\x41\x1b\x2a\xc9\x24\xd8\x88\x45\x05\x77\x49\x48\x02\x81\
\x90\x64\xf6\x73\xe6\x2c\xf7\xe7\xf7\xc7\x4c\x30\x84\x2c\xb3\x9c\
\x73\xae\x73\xee\xf3\x7a\x3e\x1e\x3e\x4c\x66\xe6\xdc\xf7\x9b\x40\
\xe6\x7e\xcf\xe7\xbe\xce\x75\x3b\x01\x68\x6c\x9b\x2f\x4b\x3a\x0b\
\x3b\x8f\x2b\x59\x74\x9c\xf9\xe8\x78\xef\x6d\xbe\x99\xe6\x9b\xb9\
\xa3\xbc\xb3\xf9\x26\xcd\x97\x34\xcf\xcc\xcd\x72\xce\x3a\x25\x9b\
\x25\xb9\x9c\xa4\x79\x92\xe2\x89\xff\xdf\xdf\x6c\x49\xc9\x01\x1f\
\x2b\x49\x1a\x3e\xe0\x63\xfd\x92\x2a\x92\x06\x24\x2b\x4a\x6e\xc4\
\xcc\x8d\x3a\x67\x23\x32\xf5\x3b\xe7\xfa\x53\x97\xf6\x3b\x73\xfd\
\x4e\x6e\x6f\xea\x2b\xfd\xae\xa4\x07\x12\x57\xd9\x35\x5a\x1a\x7c\
\x40\x8b\x6f\x29\xd7\xe0\x4f\x03\x40\x95\xb8\xd0\x01\x80\x96\xf6\
\xa3\x9e\xe3\x92\x38\x3d\xc9\x3b\x9d\x94\x9a\x4e\x75\x4e\x27\x59\
\x6a\x27\xc9\xb9\x13\x25\x3d\x4a\xd2\x71\x13\xff\x6b\x46\xbb\x24\
\x3d\x20\x69\x97\x9c\xb6\x3b\x69\x87\x99\xb6\x7b\xa7\xad\x69\xea\
\xb7\x95\xda\xe2\xed\x3a\xe3\xdb\x0f\x86\x0e\x09\xb4\x2a\x0a\x00\
\x50\x4b\x57\xf6\x44\xed\xa7\xea\x94\x72\x9a\x3e\xde\x49\x4f\x90\
\xdc\x13\xcc\x6c\xe2\xd7\x7a\xbc\xa4\x8e\xd0\x11\x03\xcb\x4b\xfa\
\x9d\x49\xbf\xf7\xd2\xef\x4c\xee\x77\xe6\xec\xf7\xb1\x2a\xbf\x2b\
\x9c\xf5\x67\xf7\xc8\xad\x4a\x43\x07\x04\xb2\x8a\x02\x00\x54\x49\
\xe7\xfa\xa5\x27\x14\xa3\xe4\x34\x67\x3a\x5d\xd2\x69\x92\x4e\x97\
\xf4\x67\x92\x66\x85\x4d\xd6\xb4\x8a\x92\x7e\x27\xe9\x4e\x67\xee\
\x2e\x39\xdd\xa9\xd4\xee\x2a\xde\xeb\x7f\xa5\x0b\x7b\x2b\xa1\xc3\
\x01\xcd\x8e\x02\x00\x4c\xd5\xe6\xcb\x92\x5c\x61\xf7\x13\xcd\xbb\
\x67\xcb\xd9\xb3\x65\x7a\xb6\xa4\x67\x4a\xea\x0c\x1d\xad\x45\x94\
\x24\xfd\x56\xd2\x4f\x24\xfd\xc4\xbc\xff\x49\x39\x2e\xdc\xae\x33\
\xbe\x3f\x1a\x38\x17\xd0\x54\x28\x00\xc0\xe1\x5c\xd9\x13\xe5\x4e\
\x2c\x3f\xc5\x9c\x3b\x53\x72\x0b\x24\x3d\x47\xd2\x53\x34\xbe\xb8\
\x0e\x8d\xa3\x2c\xe9\x2e\x99\xfd\x58\x4e\x9b\x9c\xd9\x6d\xc5\x85\
\xcf\xb8\x8b\x5b\x08\xc0\xa1\x51\x00\x80\xfd\x6d\x7a\xd9\xdc\xa8\
\x5c\x38\x3b\x72\xb6\xc8\x9c\x3f\x4b\xb2\x3f\x97\x34\x27\x74\x2c\
\x4c\xcb\xa0\xa4\xff\x75\xa6\x4d\x15\xef\x36\x54\x2a\xc5\xf5\x3a\
\xfb\x9a\xa1\xd0\xa1\x80\x46\x41\x01\x40\x6b\x5b\xbf\x74\x4e\x1c\
\x25\x67\x7a\xe9\x05\x66\x3a\x5b\xe3\x3f\xe1\x1f\xf8\x16\x39\x64\
\x43\x45\xd2\xaf\x25\xad\x77\x72\x3f\x28\xe6\x92\x75\xbc\x0b\x01\
\xad\x8c\x02\x80\xd6\xd2\xd7\xd3\x11\xfb\xf2\xd9\x3e\xf5\xe7\x99\
\x74\x9e\xa4\x67\x88\xbf\x07\xad\x2a\x95\x74\x87\x33\x77\x73\xea\
\xed\xe6\x72\x61\xce\x7a\x2d\xfe\x5a\x21\x74\x28\xa0\x5e\xf8\xc6\
\x87\xcc\xcb\x6d\xea\x7e\x7a\x6a\xf6\x22\x97\xfa\x17\xc8\xd9\xd9\
\xe2\xad\x77\x38\xb8\xbc\x93\x6e\x4d\xe5\x6e\xf6\x72\x37\x15\x17\
\xf6\xfe\x3c\x74\x20\xa0\x96\x28\x00\xc8\x9e\x75\x97\xb4\xc7\xed\
\x43\x67\x7b\xe9\x05\x96\x6a\x85\x9c\x9e\x18\x3a\x12\x9a\xd2\x56\
\x49\x37\x79\xa7\x6b\xc7\x0a\x73\x6e\x66\x3a\x80\xac\xa1\x00\x20\
\x1b\x6e\x5b\x71\x4c\x52\x8e\x96\x9a\xb3\xa5\x6e\x7c\xb4\xcf\x7b\
\xef\x51\x4d\x23\x26\xb7\xd6\xb9\xf4\x9a\x92\x45\xd7\x68\x61\xef\
\x9e\xd0\x81\x80\x99\xa2\x00\xa0\x79\x6d\xbe\xe8\xd8\xa4\x58\xba\
\xc0\xc9\x7a\x4c\x7a\xa1\x58\xbc\x87\xfa\xa8\x48\xda\x24\xa9\xb7\
\x54\xb6\x2b\x75\xce\x9a\xfb\x42\x07\x02\xa6\x83\x02\x80\xe6\xb2\
\x69\xe9\xf1\x89\xc5\x17\xca\x5c\x8f\xa4\x45\x92\x7c\xe8\x48\x68\
\x69\x15\x49\x1b\x24\x5d\x59\x2a\xfb\x2b\x75\x4e\xef\xae\xd0\x81\
\x80\xc9\xa2\x00\xa0\xf1\xf5\xf5\x74\xe4\x64\x2f\x91\xec\x95\xfc\
\xa4\x8f\x06\xb6\x6f\x32\xf0\xf5\x52\x5a\xfa\x36\x7b\x0e\xa0\xd1\
\x51\x00\xd0\x98\xd6\x9d\x1b\x47\x6d\xc7\xbe\xc8\xcb\x5e\x21\x69\
\x89\x58\xb9\x8f\xe6\x32\x2a\x67\xd7\xa4\xa9\xbe\x51\xd9\x11\xdd\
\xc8\xb3\x0b\xd0\x88\x28\x00\x68\x28\x6d\xeb\x7b\x9e\x64\xce\x2e\
\x32\x67\x97\x48\x3a\x35\x74\x1e\x60\xa6\x9c\x74\x9f\x39\xf5\x3a\
\xa7\xff\x28\x9e\xb5\xfa\x67\xa1\xf3\x00\xfb\x50\x00\x10\xde\xfa\
\xa5\x73\x12\x97\xfc\x95\x9c\x5d\x3a\xb1\xdf\x3e\x90\x55\x1b\x24\
\xfb\x6a\x69\x2c\xfa\x8e\x16\xf7\x0e\x87\x0e\x83\xd6\x46\x01\x40\
\x30\xb9\xbe\xee\x27\xcb\xe9\x12\x33\x5d\x26\xe9\xa8\xd0\x79\x80\
\x3a\x1a\x92\xf4\x6d\x55\xd2\xcf\x97\x9e\x7b\xd5\x1d\xa1\xc3\xa0\
\x35\x51\x00\x50\x5f\x77\xf6\xe4\x72\x03\xb6\xcc\x64\x97\x49\x7a\
\xbe\xf8\x6f\x10\xf8\x89\xa4\x2f\x96\xe4\xaf\xd0\xc2\xde\x7c\xe8\
\x30\x68\x1d\x7c\xf3\x45\x5d\x74\xae\x5f\x7a\x42\xd9\x25\xaf\x37\
\xa7\xcb\x24\x1d\x17\x3a\x0f\xd0\x80\x1e\x70\xce\x7d\xb1\x58\x4a\
\x3f\xcf\xde\x02\xa8\x07\x0a\x00\x6a\x2a\xd9\xd8\xf5\x2c\x99\x7b\
\x9d\xa4\x57\x4a\x6a\x0f\x9d\x07\x68\x02\x45\x49\xdf\x33\xf3\x9f\
\x28\x2f\xea\xdd\x18\x3a\x0c\xb2\x8b\x02\x80\xea\xb3\x55\x3e\xd7\
\xf7\xb3\x2e\x73\xee\x2d\x92\x16\x86\x8e\x03\x34\x2d\xb3\xf5\xce\
\xfb\x4f\x14\xcf\x7a\xea\xd5\x72\xab\xd2\xd0\x71\x90\x2d\x14\x00\
\x54\xcf\x9d\x3d\xb9\x64\xc0\xfe\x4a\xb2\x7f\x94\xf4\xe4\xd0\x71\
\x80\x0c\xf9\x83\xa4\x4f\x97\xc6\xe6\x7c\x81\x87\x12\xa1\x5a\x28\
\x00\x98\xb9\xf5\x4b\xe7\x24\x3e\x79\xb5\x49\x6f\x77\xd2\x49\xa1\
\xe3\x00\xd9\xe5\xee\x77\xa6\x7f\x2f\x16\xcb\x9f\xd4\xe2\xab\xfb\
\x43\xa7\x41\x73\xa3\x00\x60\xfa\xfa\x7a\x8e\xce\x39\x7b\x8b\x99\
\xbd\x51\xd2\xbc\xd0\x71\x80\x16\xd2\xef\xa4\x4f\x17\x2b\x6d\x9f\
\xd4\x73\xbf\xb5\x37\x74\x18\x34\x27\x0a\x00\xa6\xee\xb6\x15\xc7\
\xe4\xca\xd1\x1b\xcd\xd9\xe5\x92\xe6\x87\x8e\x03\xb4\xb0\x61\xe7\
\xf4\xb9\xa2\xf9\x8f\xf0\x88\x62\x4c\x15\x05\x00\x93\xf7\xc7\x0b\
\xff\x9b\xc5\x4f\xfc\x40\x23\x19\x96\xd3\x57\x4a\xae\xf4\x2f\x3a\
\xeb\x9a\xfb\x43\x87\x41\x73\xa0\x00\xe0\xc8\xd6\xf5\xcc\x8e\x73\
\xf6\x06\xe7\xec\x1f\xc5\x85\x1f\x68\x64\xe3\x13\x81\xc4\x7f\x50\
\x67\xf4\x0e\x84\x0e\x83\xc6\x46\x01\xc0\xa1\xdd\xd9\x93\x4b\x06\
\xd2\x4b\x24\xf7\x3e\xc9\x8e\x0f\x1d\x07\xc0\xa4\xed\x36\x73\x1f\
\x2d\x17\x67\x7f\x8a\x77\x0d\xe0\x50\x28\x00\x78\xa4\x75\xe7\xc6\
\x49\xdb\xd1\xaf\x92\xb9\xf7\xc8\xe9\xe4\xd0\x71\x00\x4c\xdb\x3d\
\x32\xb7\xaa\xb4\xc3\x7d\x9d\x47\x12\xe3\x40\x14\x00\x3c\x4c\xbc\
\xb1\xfb\x05\xce\xf4\x31\x49\x4f\x0f\x9d\x05\x40\xd5\xfc\xca\x94\
\xbe\xa5\xbc\xf0\xaa\x1b\x43\x07\x41\xe3\xa0\x00\x40\x92\x94\xdb\
\xd4\x73\x9a\x52\xfb\x88\xc9\x5e\x1c\x3a\x0b\x80\xda\x70\xd2\xb5\
\xce\x2a\x6f\x1e\x5b\x74\xf5\xef\x43\x67\x41\x78\x14\x80\x16\xd7\
\xb9\x7e\xe9\x09\x25\x9f\xbc\x5f\xd2\x25\x92\x7c\xe0\x38\x00\x6a\
\x6f\xcc\x39\x7d\xb2\x58\x29\x7d\x40\x67\x5f\x33\x14\x3a\x0c\xc2\
\xa1\x00\xb4\xaa\xcd\x97\x25\x49\x71\xf7\xeb\x25\xbd\x4f\xd2\xdc\
\xd0\x71\x00\xd4\x99\xd9\x83\x72\xee\x9f\x4b\xdb\xfd\x67\x59\x1f\
\xd0\x9a\x28\x00\x2d\x28\xee\x5b\xf9\x7c\x27\xfb\xb4\xa4\xd3\x42\
\x67\x01\x10\xdc\xed\x66\xf6\x96\xf2\xa2\x35\x3f\x0a\x1d\x04\xf5\
\x45\x01\x68\x21\x1d\x3f\x5e\x76\x72\xb9\x1c\x7f\x40\xd2\x2b\x42\
\x67\x01\xd0\x58\x9c\x74\xad\x8f\xfc\x9b\x0a\x67\xf6\xde\x1d\x3a\
\x0b\xea\x83\x02\xd0\x0a\xd6\x9d\x1b\xc7\x6d\xc7\xbc\xdd\x49\xef\
\x96\xd4\x11\x3a\x0e\x80\x86\x35\x6a\xd2\xaa\xf2\xd8\xee\x4f\x68\
\xf1\x2d\xe5\xd0\x61\x50\x5b\x14\x80\x8c\x4b\x6e\x5d\xf1\x0c\x45\
\xfe\xcb\x92\xce\x08\x9d\x05\x40\x93\x70\xba\x43\xa9\xbd\xb6\xb4\
\x68\xcd\xff\x86\x8e\x82\xda\xa1\x00\x64\x55\x5f\x4f\x47\xce\xec\
\x1d\xe6\xec\x9d\x92\x92\xd0\x71\x00\x34\x9d\xb2\x9c\x3e\x5f\xea\
\xec\x7c\xa7\x9e\x71\xc5\x48\xe8\x30\xa8\x3e\x0a\x40\x06\xc5\x1b\
\xba\xce\x71\xce\x7d\x51\xd2\x93\x42\x67\x01\xd0\xf4\xfe\x60\x4e\
\xaf\x2b\x2f\x58\xfd\x83\xd0\x41\x50\x5d\x14\x80\x2c\x59\xb7\x7c\
\x7e\xd2\x16\x7d\x58\xd2\x6b\xc5\xbf\x5b\x00\xd5\x63\x92\xbe\x51\
\x8a\xd2\xb7\xe8\xcc\xab\x76\x87\x0e\x83\xea\xe0\x22\x91\x11\x6d\
\x1b\xbb\x97\x54\x4c\xff\xe6\xa4\x13\x43\x67\x01\x90\x55\xee\x7e\
\x49\x7f\x5f\x5a\xf8\xdd\xaf\x87\x4e\x82\x99\xa3\x00\x34\xb9\xce\
\xf5\x4b\x4f\x28\xba\xdc\xbf\x39\x67\x4b\x43\x67\x01\xd0\x1a\x4c\
\xba\xba\x5c\xb6\xd7\xeb\x9c\x35\xf7\x85\xce\x82\xe9\xa3\x00\x34\
\xb1\x5c\x5f\xf7\x72\x33\xfb\x92\x9c\x3b\x36\x74\x16\x00\x2d\xc6\
\xec\x41\x27\xff\xd7\xc5\x45\xdf\xfd\x5e\xe8\x28\x98\x1e\x0a\x40\
\x33\xea\xeb\xe9\x48\x5c\xfa\x21\x99\xde\x14\x3a\x0a\x80\x96\x77\
\x45\x69\xcc\xbf\x5e\x8b\x7b\x87\x43\x07\xc1\xd4\x50\x00\x9a\x4c\
\xb2\xbe\xfb\x0c\x79\x7d\x43\xac\xf0\x07\xd0\x38\x7e\x2d\xef\x5f\
\x56\x3a\xab\xf7\x27\xa1\x83\x60\xf2\x28\x00\xcd\xc2\xe4\x92\x8d\
\xdd\x6f\x92\xf4\x11\x49\xb9\xd0\x71\x00\xe0\x00\x65\x67\xee\x03\
\xc5\x1d\xee\xfd\x3c\x5c\xa8\x39\x50\x00\x9a\xc0\xc4\x1e\xfe\x5f\
\x97\x74\x6e\xe8\x2c\x00\x70\x58\x4e\xeb\x62\x67\xaf\xcc\x9f\xb5\
\x66\x7b\xe8\x28\x38\x3c\x9e\xff\xde\xe0\x72\x1b\xba\xbb\xcb\xe5\
\xf8\xff\xc4\xc5\x1f\x40\x33\x30\x2d\x2e\xa7\xee\x17\xb9\xbe\xae\
\x8b\x43\x47\xc1\xe1\x31\x01\x68\x54\xeb\x97\xce\x49\x7c\xf2\x19\
\x49\xaf\x0a\x1d\x05\x00\xa6\xe9\x2b\xa5\x31\x7f\x39\x0b\x04\x1b\
\x13\x05\xa0\x01\xb5\xdd\xb6\xe2\x89\x69\xc5\xaf\x91\x74\x7a\xe8\
\x2c\x00\x30\x43\xbf\x76\xde\x77\x15\xcf\xea\xbd\x2b\x74\x10\x3c\
\x1c\xb7\x00\x1a\x4c\xdb\xc6\xae\xa5\x69\xc5\xff\x58\x5c\xfc\x01\
\x64\xc3\x93\x2c\x4d\x37\xe5\x36\x74\xad\x0c\x1d\x04\x0f\xc7\x04\
\xa0\x51\x5c\xd9\x13\xe5\x4e\xb4\x77\x99\xb3\x77\x8b\x7f\x2f\x00\
\xb2\xc7\x9c\xd3\x47\x8a\xdb\xfc\xff\xc7\xbb\x04\x1a\x03\x17\x9a\
\x46\x70\xdb\x8a\x63\x92\x72\xf4\x6d\x39\x3b\x2f\x74\x14\x00\xa8\
\xb1\x5b\x4a\x96\xbe\x54\x8b\xae\x7a\x20\x74\x90\x56\x47\x01\x08\
\x2c\xe9\xeb\x7e\xa6\xa4\x35\x92\x1e\x1b\x38\x0a\x00\xd4\x87\x69\
\x9b\x9c\x5f\x59\x5a\xd8\xfb\xe3\xd0\x51\x5a\x19\x6b\x00\x02\x4a\
\xfa\x56\xbe\x52\xd2\x06\x71\xf1\x07\xd0\x4a\x9c\x4e\x96\xd2\x1f\
\x25\x1b\x57\xfe\x75\xe8\x28\xad\x8c\x09\x40\x08\xd7\x9f\xdf\x96\
\x1c\xd5\xf9\x11\xf6\xf2\x07\x00\x5d\x51\x92\x7f\x9d\x16\xf6\xe6\
\x43\x07\x69\x35\x14\x80\x7a\xfb\x51\xd7\x63\x92\x58\x57\x4b\xee\
\x39\xa1\xa3\x00\x40\x43\x70\xda\x54\x8a\xfc\x0a\x3d\xa7\x77\x67\
\xe8\x28\xad\x84\x02\x50\x47\xb9\xf5\xdd\xa7\x9b\xd7\x75\x92\x4e\
\x0d\x9d\x05\x00\x1a\x89\x49\x3b\x5c\x25\x7d\x71\xe9\xb9\x57\xdd\
\x11\x3a\x4b\xab\x60\x0d\x40\x9d\xc4\x7d\x2b\x9f\x6f\x5e\xeb\xc5\
\xc5\x1f\x00\x1e\xc1\x49\x27\x2a\xf2\xb7\xc6\x7d\x2b\x5e\x14\x3a\
\x4b\xab\xa0\x00\xd4\x41\xb2\xb1\xeb\x12\x27\xbb\x41\xd2\xfc\xd0\
\x59\x00\xa0\x81\xcd\x71\xf2\xdf\x4f\xfa\xba\x2f\x0b\x1d\xa4\x15\
\x50\x00\x6a\xc9\xe4\x72\x1b\x56\xae\x92\xb9\xaf\x4a\x4a\x42\xc7\
\x01\x80\x26\x10\x4b\xfa\x42\xb2\xb1\xfb\x53\x32\x6e\x53\xd7\x12\
\x7f\xb8\xb5\x72\x67\x4f\x2e\x19\x4c\xff\x43\xa6\x97\x87\x8e\x02\
\x00\x4d\xea\xca\xd2\xd8\x9c\x57\x69\xf1\xd7\x0a\xa1\x83\x64\x11\
\x05\xa0\x16\x6e\xbd\xf8\xa8\x24\x1a\x5b\x23\x1e\xe1\x0b\x00\x33\
\xb5\xa1\x94\xcb\x2d\xd7\x19\xdf\x7e\x30\x74\x90\xac\xa1\x00\x54\
\x59\xfb\x6d\x3d\x8f\xab\x54\xd2\xeb\x25\x3d\x39\x74\x16\x00\xc8\
\x88\xdf\x79\xaf\x0b\xc6\xce\x5a\xfd\xdb\xd0\x41\xb2\x84\x02\x50\
\x45\xc9\x86\xae\x3f\x97\x73\xd7\x4a\x7a\x54\xe8\x2c\x00\x90\x2d\
\xee\x7e\xb9\xf4\x82\xd2\x82\x35\xb7\x87\x4e\x92\x15\x2c\x02\xac\
\x92\xb8\xaf\xe7\x79\x72\xee\x07\xe2\xe2\x0f\x00\x35\x60\xc7\xcb\
\xdc\x7f\xc7\x1b\xbb\x16\x85\x4e\x92\x15\x14\x80\x2a\x68\xdb\xd8\
\xbd\xc4\x29\xbd\x41\xd2\xdc\xd0\x59\x00\x20\xc3\xe6\x39\x73\x6b\
\xe3\x4d\x2b\x78\x72\x6a\x15\x50\x00\x66\x28\xb7\x71\xe5\xcb\x52\
\xd3\x6a\x49\x1d\xa1\xb3\x00\x40\x0b\xe8\x74\xa9\xff\x7e\xae\xaf\
\x6b\x45\xe8\x20\xcd\x8e\x02\x30\x03\x49\x5f\xf7\xe5\x66\x76\x85\
\x78\x8f\x3f\x00\xd4\x53\x9b\xc9\x7d\x27\xb7\xb1\xfb\xc2\xd0\x41\
\x9a\x19\x05\x60\x9a\xe2\xbe\x95\x6f\x97\xf4\x49\xb1\x90\x12\x00\
\x42\x48\xcc\xf4\xad\xa4\xaf\xfb\xd5\xa1\x83\x34\x2b\x0a\xc0\x34\
\xc4\x1b\x56\xbe\xc3\xc9\x3e\x1a\x3a\x07\x00\xb4\xb8\x48\xd2\x97\
\x93\xbe\xae\x37\x87\x0e\xd2\x8c\x28\x00\x53\x14\x6f\x58\xf9\x0e\
\xe7\xec\x43\xa1\x73\x00\x00\x24\x49\x4e\x72\x9f\x88\xfb\xba\xdf\
\x1d\x3a\x48\xb3\x61\x7c\x3d\x05\xb9\xbe\xae\xf7\x99\xdc\xbb\x42\
\xe7\x00\x00\x3c\x92\x73\xfa\x70\x71\xc1\xea\x7f\x08\x9d\xa3\x59\
\x30\x01\x98\xa4\xdc\x86\xee\x7f\xe6\xe2\x0f\x00\x8d\xcb\x4c\xef\
\xc8\xf5\x75\xbf\x37\x74\x8e\x66\xc1\x04\x60\x12\x72\x7d\xdd\xef\
\x35\x89\xf1\x12\x00\x34\x01\x93\xfe\xb1\xbc\x70\x35\xb7\x6a\x8f\
\x80\x02\x70\x04\x71\xdf\xca\xb7\xb3\xe0\x0f\x00\x9a\x8b\x39\xbd\
\xad\xbc\x60\xf5\xc7\x43\xe7\x68\x64\x14\x80\xc3\x88\x37\x76\xbf\
\xd5\x99\x3e\x16\x3a\x07\x00\x60\xca\x4c\xa6\xd7\x95\x16\xad\xfe\
\x52\xe8\x20\x8d\x8a\x02\x70\x08\x49\x5f\xf7\xe5\x1a\x7f\x9f\x3f\
\x00\xa0\x39\x55\x9c\xd3\xc5\xc5\x05\xab\xaf\x0c\x1d\xa4\x11\x51\
\x00\x0e\x22\xb7\xa1\xfb\xe5\xe6\xf4\x9f\x62\x91\x24\x00\x34\xbb\
\x92\x77\xea\x1e\x5b\xb0\xfa\xfb\xa1\x83\x34\x1a\x0a\xc0\x01\xda\
\x36\x76\x2d\x4d\xcd\xad\x96\x14\x87\xce\x02\x00\xa8\x8a\xa2\x29\
\x5d\x56\x5e\x78\xd5\x8d\xa1\x83\x34\x12\x0a\xc0\x7e\xe2\xf5\x5d\
\x8b\x9d\x77\xd7\x4b\x6a\x0f\x9d\x05\x00\x50\x55\xa3\x66\x76\x7e\
\x79\xd1\x9a\x1f\x85\x0e\xd2\x28\x28\x00\x13\x92\x0d\x5d\x7f\x2e\
\xe7\x7e\x28\x69\x4e\xe8\x2c\x00\x80\x9a\x18\x90\xb3\xbf\x28\x2d\
\x58\x73\x7b\xe8\x20\x8d\x80\x02\x20\xa9\xfd\xb6\x9e\xc7\x55\x2a\
\xb6\x51\xb2\xe3\x43\x67\x01\x00\xd4\x90\xd9\x83\xde\x45\x0b\xc6\
\x16\xf6\xfe\x2e\x74\x94\xd0\x58\xe4\xd6\xd7\x73\x74\xa5\x92\xde\
\xc0\xc5\x1f\x00\x5a\x80\x73\xc7\xa6\x4a\xaf\xd1\xad\x17\x1f\x15\
\x3a\x4a\x68\xad\x5d\x00\x36\x5f\x96\x24\x4a\xaf\x94\xf4\xa4\xd0\
\x51\x00\x00\x75\xf3\x94\x24\x1a\xbb\x5a\xd7\x9f\xdf\x16\x3a\x48\
\x48\xad\x5b\x00\x4c\x2e\x29\xee\xfe\x0f\x49\xcf\x0f\x1d\x05\x00\
\x50\x77\xe7\x24\x47\x75\x7c\x4d\xd6\xba\xb7\xc2\xa3\xd0\x01\x42\
\xc9\xbd\x68\xe5\xfb\x25\xbd\x31\x74\x0e\x00\x40\x28\xee\xa9\xf1\
\xb6\xd3\x55\xf9\xca\x5d\xb7\x84\x4e\x12\x42\x4b\x36\x9f\x64\xc3\
\xca\x4b\xe5\xec\x2b\xa1\x73\x00\x00\x82\x33\x39\x5d\x5a\x5a\xb0\
\xfa\x3f\x43\x07\xa9\xb7\x96\x2b\x00\xf1\xc6\x95\xe7\x3a\xb3\x9b\
\x24\xe5\x42\x67\x01\x00\x34\x84\x92\x39\x5d\x50\x5e\xb0\xfa\x07\
\xa1\x83\xd4\x53\x4b\x15\x80\xdc\xa6\x9e\xd3\x2c\x4d\x37\x48\x9a\
\x1f\x3a\x0b\x00\xa0\xa1\x0c\x3a\xf9\xb3\x8b\x0b\x7b\x7f\x1e\x3a\
\x48\xbd\xb4\xce\x22\xc0\x1f\x75\x3d\xc6\xd2\xf4\x7a\x71\xf1\x07\
\x00\x3c\xd2\x5c\x53\x7a\x8d\x7e\xdc\xf3\xe8\xd0\x41\xea\xa5\x35\
\x0a\xc0\xf5\xe7\xb7\x25\xb1\xae\x96\x74\x6a\xe8\x28\x00\x80\x86\
\xf5\xd8\xa4\x92\x5e\xa5\x3b\x7b\x5a\xe2\x16\x71\x4b\x14\x80\x64\
\x5e\xc7\x67\x25\xf7\x9c\xd0\x39\x00\x00\x0d\xce\x74\x56\x32\x90\
\x7e\x2a\x74\x8c\x7a\xc8\xfc\x1a\x80\x64\x43\xd7\x2b\xe4\xdc\xd7\
\x43\xe7\x00\x00\x34\x95\xd7\x94\x16\xae\xce\xf4\xbb\xc5\x32\x5d\
\x00\x92\xbe\xee\x67\x4a\xda\x20\xa9\x23\x74\x16\x00\x40\x53\x29\
\x28\xd5\x73\x4b\x67\xaf\xde\x1c\x3a\x48\xad\x64\xf7\x16\x40\x5f\
\xcf\xd1\x92\x56\x8b\x8b\x3f\x00\x60\xea\xda\xe5\xb5\x5a\x9b\x2f\
\x3a\x36\x74\x90\x5a\xc9\x66\x01\xb0\x55\x3e\xa7\xf4\x5b\x92\x1e\
\x17\x3a\x0a\x00\xa0\x69\x9d\x92\x14\x8b\xff\xa5\x2b\x7b\x32\xb9\
\x6b\x6e\x26\x0b\x40\xae\xef\x17\x1f\x34\xe9\x85\xa1\x73\x00\x00\
\x9a\xde\xf3\x73\x27\x56\xde\x17\x3a\x44\x2d\x64\x6e\x0d\x40\x6e\
\xc3\xca\x65\xe6\xec\x2a\x65\xf0\x9f\x0d\x00\x10\x84\x39\x53\x4f\
\x71\xd1\xea\xd5\xa1\x83\x54\x53\xa6\x2e\x92\x6d\xeb\x7b\x9e\x94\
\xfa\xf4\xc7\x92\xe6\x86\xce\x02\x00\xc8\x94\x21\xe7\xd2\x33\x8b\
\x0b\xae\xfa\x65\xe8\x20\xd5\x92\x9d\x5b\x00\xeb\x97\xce\x49\x7d\
\x7a\xb5\xb8\xf8\x03\x00\xaa\x6f\x8e\x99\xef\xd5\xba\x9e\xd9\xa1\
\x83\x54\x4b\x66\x0a\x40\xe2\x93\xcf\x48\x7a\x72\xe8\x1c\x00\x80\
\xcc\x3a\x3d\x69\x4b\x3f\x19\x3a\x44\xb5\x64\xe2\x16\x40\x6e\x43\
\x77\xb7\x39\x7d\x37\x74\x0e\x00\x40\xf6\x39\x67\x7f\x55\x5c\xb0\
\xe6\x3b\xa1\x73\xcc\x54\xd3\x17\x80\x8e\x4d\x5d\x27\x95\x53\x77\
\x87\xa4\xa3\x43\x67\x01\x00\xb4\x84\xfe\x38\xf5\xcf\xc8\x9f\xdd\
\x7b\x4f\xe8\x20\x33\xd1\xdc\xb7\x00\x6c\x95\x2f\xa7\xfe\x3f\xc5\
\xc5\x1f\x00\x50\x3f\xf3\xcb\x3e\xbd\xa2\xd9\xf7\x07\x68\xea\x02\
\x10\x6f\xfc\xd9\x3b\x24\xfb\x8b\xd0\x39\x00\x00\x2d\xe7\x9c\xf8\
\xa4\xf4\xad\xa1\x43\xcc\x44\xd3\xde\x02\x48\x36\x76\x3d\x4b\xe6\
\x36\x4a\x6a\x89\xc7\x36\x02\x00\x1a\x4e\x49\x66\x8b\x4a\x8b\xd6\
\xfc\x6f\xe8\x20\xd3\xd1\x9c\x13\x80\x3b\x5e\x31\x4b\xe6\xbe\x25\
\x2e\xfe\x00\x80\x70\x12\x39\xf7\x9f\xda\xbc\xa4\x33\x74\x90\xe9\
\x68\xca\x02\x90\x8c\x8e\x7e\x42\xd2\x93\x42\xe7\x00\x00\xb4\xbc\
\xa7\x24\x63\xb9\x7f\x0d\x1d\x62\x3a\x9a\xee\x16\x40\xae\xaf\x7b\
\xb9\x49\x57\x85\xce\x01\x00\xc0\x3e\xde\xd9\xb2\xb1\x05\x6b\xae\
\x09\x9d\x63\x2a\x9a\xaa\x00\x74\xae\x5f\x7a\x42\xc9\x27\x3f\x93\
\x74\x4c\xe8\x2c\x00\x00\xec\x67\x57\x29\xf6\x4f\xd7\x73\x7a\x77\
\x86\x0e\x32\x59\x4d\x75\x0b\xa0\xe8\x93\xcf\x89\x8b\x3f\x00\xa0\
\xf1\x1c\x97\x2b\xa7\x5f\x0a\x1d\x62\x2a\x9a\xa6\x00\xe4\x36\x76\
\x5f\xe8\xa4\xe5\xa1\x73\x00\x00\x70\x30\x26\xbd\x24\xd7\xd7\x75\
\x71\xe8\x1c\x93\xd5\x1c\xb7\x00\x36\xf7\xcc\x8b\x8b\x76\x97\x93\
\x9d\x10\x3a\x0a\x1a\xd7\xb2\xa3\xcf\xd4\x71\x09\xcf\x82\xda\xe7\
\x57\xf9\xed\x5a\x3f\x98\x99\x07\x97\x01\xcd\x62\x77\xc9\x97\x4e\
\xd7\x59\xd7\xdc\x1f\x3a\xc8\x91\xc4\xa1\x03\x4c\x46\x52\xaa\x7c\
\x42\x72\x5c\xfc\x71\x58\xef\x3c\xa9\x5b\xcf\x9c\xf5\x27\xa1\x63\
\x34\x8c\xaf\xfe\xe6\x5a\x6d\xda\x71\x9b\xca\xc7\xcf\x96\xe2\xa6\
\x19\xf6\x01\xcd\xee\x98\x24\x4d\x3e\x53\x92\x2e\x0c\x1d\xe4\x48\
\x1a\xfe\xbb\x42\xbc\xbe\x6b\xb1\xcc\x5d\x12\x3a\x07\xd0\x8c\xfc\
\x70\x51\xc9\xdd\x7b\xe5\x07\x0a\xa1\xa3\x00\xad\xa4\x27\xb7\xa1\
\x6b\x65\xe8\x10\x47\xd2\xd8\x05\x60\xf3\x92\x4e\xe7\xdd\x97\xd4\
\x2c\xb7\x2a\x80\x06\xe4\x52\x53\xbc\x73\x58\xf1\xf6\x41\xa9\x94\
\x86\x8e\x03\xb4\x06\xe7\x3e\xa3\x5b\x2f\x3e\x2a\x74\x8c\xc3\x69\
\xe8\x02\x90\x2b\xe6\xde\x2b\xe9\xf1\xa1\x73\x00\x59\xe0\x47\x8a\
\x4a\xb6\x32\x0d\x00\xea\xc1\xa4\x47\x27\x7e\xec\x03\xa1\x73\x1c\
\x4e\xc3\x16\x80\xe4\xd6\x15\xcf\x30\xe9\xf2\xd0\x39\x80\x2c\x71\
\x95\x7d\xd3\x80\x01\xa9\x5c\x09\x1d\x07\xc8\x36\xa7\xd7\xc5\x7d\
\x2b\x17\x86\x8e\x71\x28\x8d\x59\x00\xd6\x9d\x1b\x2b\xf2\x5f\x91\
\x94\x84\x8e\x02\x64\x91\x1f\x29\x29\xb9\x7b\x40\xd1\xde\xbc\x64\
\x16\x3a\x0e\x90\x55\xde\xc9\xbe\xa0\xcd\x97\x35\xe4\xb5\xac\x21\
\x0b\x40\xdc\x76\xf4\xdf\x49\x7a\x56\xe8\x1c\x40\x96\xb9\x34\x55\
\xf4\xc0\x88\xe2\x6d\x83\x72\x45\xa6\x01\x40\x8d\x3c\x35\x2e\x3d\
\xf8\x96\xd0\x21\x0e\xa6\xe1\x0a\x40\xfb\xad\xdd\x7f\xe2\xe4\xde\
\x15\x3a\x07\xd0\x2a\x7c\xbe\xa4\x64\x6b\xbf\xa2\x3d\xa3\x4c\x03\
\x80\x1a\x70\xe6\xde\xd3\xb1\xbe\xe7\x94\xd0\x39\x0e\xd4\x70\x05\
\xa0\xec\xdd\x27\x24\x75\x84\xce\x01\xb4\x94\xd4\x14\xed\x1a\x55\
\xbc\x6d\x80\x69\x00\x50\x7d\x9d\x25\x6f\x1f\x0b\x1d\xe2\x40\x0d\
\x55\x00\xe2\x4d\x2b\xce\x73\xce\x96\x86\xce\x01\xb4\x2a\x9f\x2f\
\x2b\xd9\x32\x31\x0d\x00\x50\x35\x4e\xb6\x32\xee\xeb\x7e\x61\xe8\
\x1c\xfb\x6b\x9c\x02\x70\x67\x4f\xce\xa5\xfe\x33\xa1\x63\x00\x2d\
\xcf\xc6\xa7\x01\xc9\x56\xa6\x01\x40\x35\x39\xe9\xe3\x8d\xb4\x20\
\xb0\x61\x0a\x40\xdc\x6f\x6f\x91\xf4\xa4\xd0\x39\x00\x8c\x73\x85\
\x12\xd3\x00\xa0\xba\x4e\x4b\x4a\xbb\xff\x36\x74\x88\x7d\x1a\xa2\
\x00\x74\xae\x5f\x7a\x82\x73\xf6\x4f\xa1\x73\x00\x38\xc0\xbe\x69\
\xc0\x96\x7e\xb9\xb1\x72\xe8\x34\x40\xf3\x33\xad\xd2\xa6\xa5\xc7\
\x87\x8e\x21\x35\x48\x01\x28\x45\xf1\x3f\x4b\x9a\x1d\x3a\x07\x80\
\x83\x73\x63\x65\x25\x5b\x07\x14\xed\xe2\x9d\x02\xc0\x0c\xcd\x4d\
\xd2\xe4\x7d\xa1\x43\x48\x0d\x50\x00\x92\x5b\x57\x3c\x43\xe6\x5e\
\x19\x3a\x07\x80\x23\x30\x53\xb4\x67\x62\x6d\x40\x81\x69\x00\x30\
\x03\xaf\xc9\xf5\xf5\x3c\x2d\x74\x88\xe0\x05\x40\x3e\xfa\xa8\xa4\
\x28\x74\x0c\x00\x93\xe3\xc6\xca\x4a\xee\xe9\x9f\x98\x06\x84\x4e\
\x03\x34\xa5\x48\xb2\x8f\x84\x0e\x11\xb4\x00\x44\x1b\xba\x5e\x2c\
\x67\xe7\x85\xcc\x00\x60\x1a\x4c\x13\xd3\x80\xbd\x4c\x03\x80\x69\
\x30\xd9\x8b\x42\xbf\x2d\x30\x5c\x01\xb8\xb2\x27\xf2\xce\x7d\x38\
\xd8\xf9\x01\xcc\x98\x1b\xab\xec\x37\x0d\x60\x1c\x00\x4c\x85\x93\
\x3e\xae\x75\xe7\xc6\xa1\xce\x1f\xac\x00\x24\x27\xa6\xaf\x96\x74\
\x7a\xa8\xf3\x03\xa8\x92\x7d\xd3\x80\x2d\xfd\xf2\xf9\x52\xe8\x34\
\x40\x33\x39\x2d\x69\x3f\xfa\xe5\xa1\x4e\x1e\xa6\x00\xac\xbb\xa4\
\x5d\x12\xfb\xfd\x03\x19\xe2\x8a\x15\xc5\xdb\x06\x15\xef\x1c\x96\
\x52\xa6\x01\xc0\xa4\x98\x5b\xa5\xeb\xcf\x6f\x0b\x71\xea\x20\x05\
\x20\xce\x0d\xbe\x41\x4e\x27\x87\x38\x37\x80\x1a\x32\x93\x1f\x28\
\x28\xc7\x34\x00\x98\xac\x53\x93\xa3\x3a\x2e\x0b\x71\xe2\xfa\x17\
\x80\xf5\x4b\xe7\x38\xe7\xfe\xbe\xee\xe7\x05\x50\x3f\xa5\x8a\xe2\
\x7b\x06\x14\xef\x1c\x96\x63\x1a\x00\x1c\x9e\xb9\x77\x69\xfd\xd2\
\x39\xf5\x3e\x6d\xdd\x0b\x40\xce\xc7\x7f\x27\xe9\x51\xf5\x3e\x2f\
\x80\xfa\xf3\x03\x05\x25\x5b\xf6\xca\x8f\x32\x0d\x00\x0e\xe3\xb8\
\x38\x4a\xde\x54\xef\x93\xd6\xb7\x00\x6c\xbe\xe8\x58\x93\x7b\x73\
\x5d\xcf\x09\x20\xac\x52\xaa\x78\xdb\xbe\x69\x40\x1a\x3a\x0d\xd0\
\x90\x9c\xe9\xef\x74\xeb\xc5\x47\xd5\xf3\x9c\x75\x2d\x00\xb9\x62\
\xf1\x6d\x92\xea\x3e\xe6\x00\x10\x9e\x1f\x28\x28\xb9\xbb\x5f\x6e\
\xb8\x18\x3a\x0a\xd0\x88\xe6\xe5\xa2\xb1\xba\xfe\x80\x5c\xbf\x02\
\x70\xdb\x8a\x63\x4c\x7a\x43\xdd\xce\x07\xa0\xf1\x94\x53\x25\x3b\
\x06\x15\xdf\x3b\x24\x57\x61\x1a\x00\xec\xcf\xa4\xcb\xeb\x39\x05\
\xa8\x5b\x01\xc8\x95\xdd\x5b\xc5\x4f\xff\x00\x24\xf9\xa1\x31\xc5\
\x5b\x98\x06\x00\x07\x98\x97\xf3\xc5\xcb\xeb\x75\xb2\xfa\x14\x80\
\xbe\x9e\xa3\xcd\xb9\x86\x79\x06\x32\x80\xf0\xdc\xfe\xd3\x80\x32\
\xd3\x00\x40\x92\xcc\xd9\x9b\xeb\x35\x05\xa8\x4b\x01\xc8\x39\x7b\
\x8b\xa4\xb9\xf5\x38\x17\x80\xe6\xe2\x87\xc6\x14\x6f\xdd\x2b\xcf\
\x34\x00\x90\xa4\x79\x71\x5c\xa8\xcb\x3b\x02\x6a\x5f\x00\x36\xbd\
\x6c\xae\x99\xf1\xd3\x3f\x80\x43\x72\x65\x53\xcc\xda\x00\x40\x92\
\xe4\xcc\x5d\xae\x75\x3d\xb3\x6b\x7d\x9e\x9a\x17\x80\xb8\x32\xf6\
\xff\x24\xcd\xaf\xf5\x79\x00\x34\x3f\x3f\x34\xa6\xf8\x0f\xfd\xf2\
\x03\x85\xd0\x51\x80\x90\x8e\x4a\xda\x2b\x97\xd6\xfa\x24\xb5\x2d\
\x00\xd7\x9f\xdf\x26\xa7\xba\x6f\x6e\x00\xa0\x79\xb9\x34\x55\xbc\
\x73\x58\xf1\x8e\x41\x89\xb5\x01\x68\x55\xe6\xde\xa2\x2b\x7b\xa2\
\x5a\x9e\xa2\xa6\x05\x20\x99\xdf\xf9\x2a\x27\x3b\xa1\x96\xe7\x00\
\x90\x4d\x7e\xb8\xa8\xe4\xee\xbd\x4c\x03\xd0\xaa\x1e\x97\x3b\xb1\
\xb2\xa2\x96\x27\xa8\x5d\x01\x18\x6f\x2e\x6f\xaf\xd9\xf1\x01\x64\
\x9e\x4b\x6d\x7c\x1a\xb0\x7d\x50\x2a\x31\x0d\x40\x6b\xb1\x1a\x3f\
\x37\xa7\x66\x05\x60\xa2\xb9\xfc\x69\xad\x8e\x0f\xa0\x75\xf8\x91\
\xa2\x92\xad\x4c\x03\xd0\x72\xfe\x3c\xde\xd4\x73\x76\xad\x0e\x5e\
\xb3\x02\x60\x4e\x6f\xad\xd5\xb1\x01\xb4\x1e\x57\xd9\x37\x0d\x18\
\x90\xca\x95\xd0\x71\x80\xfa\x48\xd3\xb7\xd5\xea\xd0\x35\x29\x00\
\xc9\xa6\x9e\x67\x4b\x6e\x41\x2d\x8e\x0d\xa0\xb5\xf9\x91\x92\x72\
\x77\xf7\x2b\xda\x33\x2a\x19\x8f\x1a\x46\xb6\x39\x69\x69\xae\xaf\
\xfb\xc9\xb5\x38\x76\x6d\x26\x00\x69\xca\x4f\xff\x00\x6a\x27\x35\
\x45\xbb\x46\x15\x6f\x1f\x94\x2b\x32\x0d\x40\xa6\x79\xb3\xda\xbc\
\x9b\xae\xea\x05\xa0\x73\xfd\xd2\x13\x24\xad\xac\xf6\x71\x01\xe0\
\x40\x7e\xb4\xa4\x64\x0b\xd3\x00\x64\x9c\xd3\x25\xfa\x51\xcf\x71\
\xd5\x3e\x6c\xd5\x0b\x40\xd9\x25\xaf\x97\x94\xab\xf6\x71\x01\xe0\
\xa0\x6c\x62\x1a\xb0\x8d\x69\x00\x32\xab\x23\x8e\xd3\xff\x57\xed\
\x83\x56\xb7\x00\x5c\x7f\x7e\x9b\x39\x5d\x56\xd5\x63\x02\xc0\x24\
\xf8\xfc\x7e\xd3\x00\x20\x63\x9c\xdc\xeb\x75\x67\x4f\x55\x7f\xb8\
\xae\x6a\x01\xc8\xcd\xeb\xec\x91\x54\xf5\x31\x05\x00\x4c\xca\xc4\
\x34\x20\xd9\xda\xcf\x34\x00\x19\x63\xc7\xe7\xfa\xad\xab\x9a\x47\
\xac\x6a\x01\x30\xa7\xbf\xa9\xe6\xf1\x00\x60\x3a\x5c\xa1\x3c\x3e\
\x0d\xd8\xcd\xda\x00\x64\x87\xb9\xb4\xaa\xd7\xd8\xaa\x15\x80\xdc\
\xa6\x9e\xd3\x24\x2d\xaa\xd6\xf1\x00\x60\x46\xcc\x14\x3d\x38\x31\
\x0d\x18\x2b\x87\x4e\x03\x54\x81\x7b\x5e\x6e\xc3\x8a\xa7\x56\xeb\
\x68\x55\x2b\x00\x56\x49\x79\xe4\x2f\x80\x86\xe3\xc6\x2a\x4a\xb6\
\x0e\x28\xda\xc5\x34\x00\xcd\xcf\xbc\x7f\x6d\xb5\x8e\x55\x9d\x02\
\xb0\xae\x67\xb6\x9c\x5e\x56\x95\x63\x01\x40\xb5\x99\x29\xda\x33\
\xaa\x64\xeb\x80\x5c\x81\x69\x00\x9a\x98\xe9\x55\xba\xe3\x15\xb3\
\xaa\x71\xa8\xaa\x14\x80\x24\x97\x5e\x24\x69\x6e\x35\x8e\x05\x00\
\xb5\xe2\xc6\xca\x4a\xee\xe9\x9f\x98\x06\x84\x4e\x03\x4c\xcb\xbc\
\x64\x74\xa4\xa7\x1a\x07\xaa\xce\x04\xc0\xeb\xd5\x55\x39\x0e\x00\
\xd4\x9a\x69\x7c\x1a\xb0\x65\xaf\x5c\xa1\x14\x3a\x0d\x30\x75\xe6\
\x2e\xad\xc6\x61\x66\x5c\x00\xda\x6e\x5b\xf1\x44\x99\xce\xac\x46\
\x18\x00\xa8\x17\x57\xac\x28\xb9\x67\x40\xd1\xfd\x23\x52\xca\x38\
\x00\x4d\xe5\xb9\x6d\x7d\x3d\x4f\x98\xe9\x41\x66\x5c\x00\xac\x1c\
\xbd\x46\x92\x9b\xe9\x71\x00\xa0\xee\x4c\x8a\xfa\xf3\x4a\xb6\xec\
\x95\x1f\x65\x1a\x80\xa6\xe1\xcc\xd9\xab\x66\x7a\x90\x99\x15\x80\
\x75\xe7\xc6\x72\xf6\x8a\x99\x86\x00\x80\x90\x5c\x29\x55\xbc\x6d\
\x40\xf1\xce\x61\x39\xa6\x01\x68\x02\xa9\xd9\xa5\xba\xb2\x27\x9a\
\xc9\x31\x66\x54\x00\xa2\xb6\x63\x5f\x64\xd2\x63\x66\x72\x0c\x00\
\x68\x14\x7e\xa0\xa0\x64\x4b\x3f\xd3\x00\x34\x3c\x27\x9d\x18\x9f\
\x68\xcf\x9f\xc9\x31\x66\x54\x00\xbc\xf8\xe9\x1f\x40\xc6\x94\x2a\
\x4c\x03\xd0\x14\x9c\x9f\xd9\x35\x78\xfa\x05\x60\xfd\xd2\x39\x92\
\x5e\x32\x93\x93\x03\x40\xa3\x1a\x9f\x06\xec\x95\x1f\x61\x1a\x80\
\x06\x65\x5a\x31\x93\x3d\x01\xa6\x5d\x00\x92\x28\xe9\x92\xd4\x39\
\xdd\xd7\x03\x40\xc3\x2b\xa5\x8a\xb7\x0f\x28\xbe\x6f\x48\x2e\x4d\
\x43\xa7\x01\x0e\x34\x2b\x37\x9c\x5f\x32\xdd\x17\x4f\xbb\x00\x38\
\xd3\x45\xd3\x7d\x2d\x00\x34\x13\x3f\x38\xa6\xf8\x0f\xfd\x72\xc3\
\xc5\xd0\x51\x80\x87\x49\x9d\x5d\x3c\xdd\xd7\x4e\xaf\x00\x6c\x58\
\xf1\x28\x93\x66\xb4\xf8\x00\x00\x9a\x89\xab\xa4\x4a\x76\x0c\x2a\
\xbe\x77\x48\xae\xc2\xda\x00\x34\x06\x27\xbd\x48\xb7\xad\x38\x66\
\x3a\xaf\x9d\x56\x01\x48\xbc\x7b\xa9\xa4\x78\x3a\xaf\x05\x80\x66\
\xe6\x87\xc6\x14\x6f\xd9\xcb\x34\x00\x8d\x22\x49\x2a\xd1\xca\xe9\
\xbc\x70\x7a\x13\x00\x73\x2f\x9d\xd6\xeb\x00\x20\x03\x5c\x79\xbf\
\x69\x40\x99\xb5\x01\x08\xee\xc2\xe9\xbc\x68\xea\x05\x60\xd3\xd2\
\xe3\x25\x2d\x98\xce\xc9\x00\x20\x4b\xc6\xa7\x01\xfd\xf2\x43\x4c\
\x03\x10\x92\x3d\x4f\x3f\xea\x39\x6e\xaa\xaf\x9a\x72\x01\x48\x2c\
\xe9\x9a\xce\xeb\x00\x20\x8b\x5c\x25\x55\x7c\xef\xa0\xe2\x1d\x83\
\x12\xd3\x00\x84\x11\x25\x71\x65\xe9\x54\x5f\x34\xf5\x0b\xb9\xa9\
\x7b\xca\xaf\x01\x80\x8c\xf3\xc3\x45\x25\x77\xf7\xcb\x0f\x14\x42\
\x47\x41\x0b\x72\x72\x53\xbe\x36\x4f\xad\x00\x8c\xaf\x34\x7c\xde\
\x54\x4f\x02\x00\xad\xc0\xa5\xa9\xe2\x9d\xc3\x8a\xb7\x0f\x48\x25\
\xa6\x01\xa8\x1f\x93\x5e\xa0\x5b\x2f\x3e\x6a\x2a\xaf\x99\x52\x01\
\x48\xca\xd1\x52\xb1\xfa\x1f\x00\x0e\xcb\x8f\x94\xc6\x77\x11\x64\
\x1a\x80\xfa\x49\x12\x5f\x98\xd2\xee\xbc\x53\x2a\x00\xe6\x6c\xd9\
\xd4\xf2\x00\x40\x6b\x72\xa9\x31\x0d\x40\x5d\x99\xf3\x53\x5a\x07\
\x30\xf9\x02\x70\xfd\xf9\x6d\x8e\xcd\x7f\x00\x60\x4a\xc6\xa7\x01\
\xac\x0d\x40\xed\x39\xd9\x8b\x74\xfd\xf9\x6d\x93\xfd\xfa\x49\x17\
\x80\x68\x6e\xe7\xf3\x25\xcd\x9e\x56\x2a\x00\x68\x61\x0f\xad\x0d\
\xb8\x67\x40\xae\x58\x09\x1d\x07\xd9\x35\x3b\x3e\xaa\xf3\xb9\x93\
\xfd\xe2\x49\x17\x00\x1f\xd9\x8b\xa7\x97\x07\x00\x20\x49\x3e\x5f\
\x52\xb2\xb5\x5f\xd1\x9e\x51\xc9\xd8\x4e\x18\xd5\xe7\xcc\x4d\xfa\
\x5a\x3d\xf9\x5b\x00\xe6\x2e\x98\x56\x1a\x00\xc0\x1f\xa5\xa6\x68\
\xd7\xa8\xe2\x6d\x4c\x03\x50\x0b\x36\xe9\x75\x00\x93\x2a\x00\xb9\
\x4d\xdd\x4f\x97\xf4\xd8\xe9\xc6\x01\x00\x3c\x9c\xcf\x97\x95\x6c\
\x99\x98\x06\x00\xd5\xf3\x27\xb9\xbe\xee\x27\x4f\xe6\x0b\x27\x55\
\x00\x52\xb3\x17\xcd\x2c\x0f\x00\xe0\x11\x6c\x7c\x1a\x90\x6c\x65\
\x1a\x80\xea\x31\xe9\x85\x93\xf9\xba\x49\x15\x00\x67\xee\xbc\x99\
\xc5\x01\x00\x1c\x8a\x2b\x94\x98\x06\xa0\x6a\x9c\x26\x77\xcd\x3e\
\x72\x01\x58\x77\x49\xbb\xa4\x45\x33\x0d\x04\x00\x38\x8c\x7d\xd3\
\x80\x2d\xfd\x72\x63\xe5\xd0\x69\xd0\xc4\x4c\x76\xee\x64\xde\x0e\
\x78\xc4\x02\x10\x77\x0c\x3c\x57\x52\x47\x55\x52\x01\x00\x0e\xcb\
\x8d\x95\x95\x6c\x1d\x50\xb4\x8b\x77\x0a\x60\xda\x66\xc5\x47\xcd\
\x3a\xe2\x53\x7b\x8f\x58\x00\x7c\xea\x19\xff\x03\x40\x3d\x99\x29\
\xda\x33\xb1\x36\xa0\xc0\x34\x00\x53\xe7\xd3\xf4\x88\xd7\xee\x23\
\x16\x00\x93\x28\x00\x00\x10\x80\x1b\x2b\x2b\xb9\xa7\x7f\x62\x1a\
\x10\x3a\x0d\x9a\x89\xb9\x23\xaf\x03\x38\x7c\x01\xe8\xeb\x39\x5a\
\xd2\xd3\xab\x15\x08\x00\x30\x45\xa6\x89\x69\xc0\x5e\xa6\x01\x98\
\x8a\x67\x6b\xdd\xf2\xf9\x87\xfb\x82\xc3\x16\x80\x9c\xd2\x73\x8e\
\xf4\x35\x00\x80\xda\x73\x63\x15\xa6\x01\x98\x0a\x1f\xe5\xfc\x61\
\x17\xf0\x1f\xf6\xe2\x6e\xd2\x39\xd5\xcd\x03\x00\x98\xb6\x87\xa6\
\x01\xfd\x72\x79\xa6\x01\x38\xbc\x48\xfe\xb0\xd7\xf0\x23\xfd\x74\
\xff\xbc\x2a\x66\x01\x00\x54\x81\x1b\x2b\x2b\xd9\x36\xa0\x78\xe7\
\xb0\x94\x32\x0e\xc0\xc1\x99\xb3\xc3\x5e\xc3\x0f\x5d\x00\x36\xbd\
\x6c\xae\xa4\x67\x54\x3b\x10\x00\xa0\x0a\xcc\xe4\x07\x0a\xca\x6d\
\xe9\x97\x1f\x2d\x85\x4e\x83\xc6\xf4\x6c\xad\x5f\x3a\xe7\x50\x9f\
\x3c\x64\x01\x88\xca\x85\xb3\x25\x45\x35\x89\x04\x00\xa8\x8e\x52\
\x45\xf1\xc4\x34\xc0\x31\x0d\xc0\xc3\xc5\x71\x1c\x9d\x75\xa8\x4f\
\x1e\xba\x00\x38\x63\xf7\x3f\x00\x68\x12\x7e\xa0\xa0\x84\x69\x00\
\x0e\xe0\x53\x7f\xf6\x21\x3f\x77\xa8\x4f\x98\x77\x47\xdc\x45\x08\
\x00\xd0\x40\x98\x06\xe0\x91\xa6\x38\x01\xb0\x55\x5e\xa6\x67\xd7\
\x2c\x0e\x00\xa0\x66\xc6\xa7\x01\x7b\xe5\x47\x98\x06\xb4\x3a\x93\
\xce\x94\xad\x3a\xe8\xb5\xfe\xa0\x1f\xcc\xdd\xf6\xf3\xa7\x4a\x9a\
\x5b\xd3\x54\x00\x80\xda\x29\xa5\x8a\xb7\x0f\x28\xbe\x77\x48\xae\
\x92\x86\x4e\x83\x70\xe6\xe5\x6e\xbb\xf3\xc9\x07\xfb\xc4\x41\x0b\
\x80\x55\x74\x66\x6d\xf3\x00\x00\xea\xc1\x0f\x8d\x29\xbe\xbb\x5f\
\x6e\xb8\x18\x3a\x0a\x02\xb1\x34\x3d\xe8\x6d\x80\x83\xdf\x02\x70\
\x14\x00\x00\xc8\x0a\x57\x49\x95\xec\x18\x9c\x98\x06\xb0\x36\xa0\
\x05\x1d\xf4\x9a\x7e\xa8\x45\x80\xcf\xa9\x61\x10\x00\x40\x00\x7e\
\x68\x4c\xf1\x96\x3d\xf2\x4c\x03\x5a\xcd\x41\xaf\xe9\x8f\x2c\x00\
\xeb\x2e\x69\x97\x74\xd0\xfb\x05\x00\x80\xe6\xe6\xca\xa6\xf8\xa1\
\x69\x00\x6b\x03\x5a\xc4\xe9\x13\xd7\xf6\x87\x79\x44\x01\x48\xda\
\x46\x9e\x2e\x29\xa9\x4b\x24\x00\x40\x10\xfb\xd6\x06\xf8\xc1\x42\
\xe8\x28\xa8\xbd\x24\x69\x1f\x3c\xed\xc0\x0f\x1e\xe4\x16\x80\x3d\
\xb3\x1e\x69\x00\x00\x61\xb9\x4a\xaa\xf8\xbe\x61\xc5\x3b\x06\xa5\
\x32\xd3\x80\x4c\x33\x3d\xe2\xda\x7e\x90\x02\x90\x52\x00\x00\xa0\
\x85\xf8\xe1\xa2\x92\xbb\xf7\xca\x0f\x30\x0d\xc8\x2e\x37\x99\x02\
\xf0\xc8\x96\x00\x00\xc8\x36\x97\x9a\xe2\x9d\xc3\x8a\xb7\x0f\x4a\
\x25\xa6\x01\x19\x74\x84\x02\x70\x65\x4f\x24\xb9\xa7\xd5\x2d\x0e\
\x00\xa0\xa1\xf8\x91\xa2\x92\xad\x4c\x03\x32\xe8\xe9\x07\xee\x08\
\xf8\xb0\xdf\xb4\x9d\x5a\x7e\xbc\xa4\x8e\xba\x46\x02\x00\x34\x14\
\x57\xd9\x37\x0d\x18\x90\xca\x95\xd0\x71\x50\x1d\xb3\xdb\x7f\x7c\
\xe7\xa9\xfb\x7f\xe0\x61\x05\xc0\x2a\xee\xf4\xfa\xe6\x01\x00\x34\
\x2a\x3f\x52\x52\x72\xf7\x80\xa2\xbd\x79\xc9\xd8\x40\xa8\xd9\x95\
\x2a\xf6\xb0\x6b\xfc\xc3\x0a\x40\xea\xdc\x23\xde\x26\x00\x00\x68\
\x5d\x2e\x4d\x15\x3d\x30\xa2\x78\xdb\xa0\x5c\x91\x69\x40\x33\x73\
\x2e\x7d\xd8\x35\xfe\x61\x05\xc0\x99\x28\x00\x00\x80\x47\xf0\xf9\
\x92\x92\xad\xfd\x8a\xf6\x8c\x32\x0d\x68\x52\xce\xdc\xa1\x0b\x80\
\x44\x01\x00\x00\x1c\x42\x6a\x8a\x76\x8d\x2a\xde\x36\xc0\x34\xa0\
\x39\x1d\xa2\x00\x8c\xaf\x0e\x7c\x52\xbd\xd3\x00\x00\x9a\x8b\xcf\
\x97\x95\x6c\x99\x98\x06\xa0\x99\x3c\x45\x26\xb7\xef\x37\x0f\x15\
\x80\x89\xd5\x81\xbc\x03\x00\x00\x70\x64\x36\x3e\x0d\x48\xb6\x32\
\x0d\x68\x22\xb3\x3b\x6e\xeb\x3a\x71\xdf\x6f\x1e\x2a\x00\x65\x2b\
\x3f\x21\x4c\x1e\x00\x40\xb3\x72\x85\xd2\xf8\x34\x60\x37\x6b\x03\
\x9a\x41\xc9\xfc\x43\xd7\xfa\x87\x0a\x80\xdb\xef\x83\x00\x00\x4c\
\x9a\x99\xa2\x07\x47\x95\x6c\xed\x97\x1b\x2b\x87\x4e\x83\xc3\x70\
\xd2\x23\x0b\x80\xe4\x1e\x1f\x22\x0c\x00\x20\x1b\xdc\x58\x45\xc9\
\xd6\x01\x45\xbb\x98\x06\x34\x2a\x67\xf6\xd0\xb5\xfe\xa1\x02\x60\
\x66\x4c\x00\x00\x00\x33\x63\xa6\x68\xcf\xc4\xda\x80\x02\xd3\x80\
\x46\x93\xca\x1d\xe4\x16\xc0\x7e\x63\x01\x00\x00\x66\xc2\x8d\x95\
\x95\xdc\xd3\x3f\x31\x0d\x08\x9d\x06\xfb\x38\xd9\x01\x05\x60\xfc\
\x6d\x01\x8f\x0b\x15\x08\x00\x90\x41\xa6\xf1\x69\xc0\x96\xbd\x4c\
\x03\x1a\xc7\x01\xb7\x00\x6e\xed\x39\x56\x52\x67\xa8\x34\x00\x80\
\xec\x72\xc5\xca\xf8\x34\xe0\xfe\x11\x29\x65\x1c\x10\xd8\x1c\xad\
\x5b\x3e\x5f\x9a\x28\x00\x49\x52\x39\x39\x6c\x1e\x00\x40\xa6\x99\
\x14\xf5\xe7\x95\x6c\xed\x97\x1f\x2d\x85\x4e\xd3\xd2\x72\x1d\xd1\
\x29\xd2\x44\x01\x70\xa9\xa7\x00\x00\x00\x6a\xce\x15\x2b\x8a\xb7\
\x0f\x2a\xde\x39\xcc\x34\x20\x90\x4a\xc5\x4e\x96\x26\x0a\x80\x39\
\xa3\x00\x00\x00\xea\xc3\x4c\x7e\xa0\xa0\xdc\x96\x7e\xf9\x3c\xd3\
\x80\x7a\xf3\xde\xed\x37\x01\x30\x47\x01\x00\x00\xd4\x57\xa9\xa2\
\xf8\x9e\x01\xc5\x3b\x87\xe5\x98\x06\xd4\xcd\xbe\x6b\xfe\xbe\x09\
\xc0\x49\x61\xe3\x00\x00\x5a\x95\x1f\x28\x28\xd9\xb2\x57\x7e\x84\
\x69\x40\x3d\xec\x9b\xfa\xef\xdb\x07\xe0\x84\x80\x59\x00\x00\xad\
\xae\x94\x2a\xde\xbe\x6f\x1a\x90\x86\x4e\x93\x6d\xa6\xc7\x48\x7f\
\x2c\x00\xc7\x07\x8c\x02\x00\x80\xa4\xf1\x69\x40\xfc\x87\x7e\xb9\
\xe1\x62\xe8\x28\x59\x76\xbc\x44\x01\x00\x00\x34\x18\x57\x49\x95\
\xec\x18\x54\x7c\xef\x90\x5c\x85\x69\x40\x0d\x3c\x4a\x92\xbc\x36\
\x5f\x96\x48\x3a\x2a\x70\x18\x00\x00\x1e\xc6\x0f\x8d\x29\xde\xc2\
\x34\xa0\x06\x8e\xd5\xba\x73\x63\xdf\x51\xdc\xfb\x28\x49\x2e\x74\
\x1a\x00\x00\x0e\xe4\xca\xfb\x4d\x03\xca\x4c\x03\xaa\xc4\xab\x63\
\xee\x31\xbe\xac\xf4\x51\xa1\x93\x00\x00\x70\x38\x7e\x68\x4c\xf1\
\xd6\xbd\xf2\x43\x4c\x03\xaa\x21\xa7\xe4\x78\x6f\xe6\x8e\x0b\x1d\
\x04\x00\x80\x23\x71\x65\x53\x7c\x2f\x6b\x03\xaa\x21\x4d\xdd\x71\
\xde\xfb\x94\xfb\xff\x00\x80\xa6\xe1\x87\xc6\x14\xff\xa1\x5f\x7e\
\xa0\x10\x3a\x4a\xd3\xf2\x66\xf3\xbd\x99\x9f\x1f\x3a\x08\x00\x00\
\x53\xe1\xd2\x54\xf1\xce\x61\xc5\xdb\x07\x24\xd6\x06\x4c\x99\x79\
\x77\x94\x37\x19\x13\x00\x00\x40\x53\xf2\x23\x25\x25\x77\xef\x65\
\x1a\x30\x45\x66\x9a\xef\xbd\x34\x2f\x74\x10\x00\x00\xa6\xcb\xa5\
\x36\x31\x0d\x18\x94\x4a\x4c\x03\x26\xc3\x3b\xcd\xf3\x26\x71\x0b\
\x00\x00\xd0\xf4\xfc\x48\x51\xc9\x56\xa6\x01\x93\x61\x66\x47\x79\
\x31\x01\x00\x00\x64\x84\xab\x4c\x4c\x03\xb6\x31\x0d\x38\x2c\xb3\
\xf9\xde\xa4\xd9\xa1\x73\x00\x00\x50\x4d\x7e\xb4\xa8\xdc\x96\xbd\
\x8a\xf6\x8c\x4a\xc6\xa3\x86\x0f\x64\xce\xcd\xf2\x4e\xea\x0c\x1d\
\x04\x00\x80\xaa\x4b\x4d\xd1\xae\x51\xc5\xdb\x07\xe5\x8a\x95\xd0\
\x69\x1a\x8a\x97\x3a\xbd\xa4\x8e\xd0\x41\x00\x00\xa8\x15\x3f\x5a\
\x52\xb2\xa5\x7f\x7c\x1a\x00\x49\x92\x49\x1d\x5e\x4c\x00\x00\x00\
\x59\x67\x13\xd3\x80\x7b\x06\x98\x06\x8c\xeb\xf4\x32\x0a\x00\x00\
\xa0\x35\xf8\x3c\xd3\x80\x09\xdc\x02\x00\x00\xb4\x98\x89\x69\x40\
\xb2\xb5\x5f\x6e\xac\x1c\x3a\x4d\x28\x1d\x5e\x4e\xed\xa1\x53\x00\
\x00\x50\x6f\xae\x50\x56\xb2\x75\x40\xd1\xae\x56\x7c\xa7\x80\xeb\
\xf0\x92\xe2\xd0\x31\x00\x00\x08\xc2\x4c\xd1\x9e\x89\x69\x40\xa1\
\x95\xa6\x01\x16\x53\x00\x00\x00\x2d\xcf\x8d\x55\x94\xdc\xd3\x52\
\xd3\x80\xc8\x4b\x8a\x42\xa7\x00\x00\x20\xb8\x87\xa6\x01\x03\xad\
\x30\x0d\x88\x29\x00\x00\x00\xec\xc7\x8d\x95\x95\xdc\xd3\x3f\x31\
\x0d\x08\x9d\xa6\x66\x98\x00\x00\x00\xf0\x08\xa6\xf1\x69\xc0\x96\
\xbd\x72\x85\x52\xe8\x34\xb5\xc0\x04\x00\x00\x80\x43\x71\xc5\x8a\
\x92\x7b\x06\x15\xef\x1c\x96\xd2\x4c\x8d\x03\x22\x1f\x3a\x01\x00\
\x00\x0d\xcd\x4c\x7e\xa0\xa0\x64\xcb\x5e\xf9\xd1\xec\x4c\x03\xbc\
\x24\xf6\x44\x04\x00\xe0\x08\x5c\x29\x55\xbc\x6d\x40\xf1\xce\x61\
\xb9\xe6\x9f\x06\x94\x28\x00\x00\x00\x4c\xc1\xf8\x34\xa0\xbf\xd9\
\xa7\x01\x65\x0a\x00\x00\x00\x53\x55\xaa\x34\xfb\x34\x80\x02\x00\
\x00\xc0\x74\x3d\xb4\x36\x60\xa4\xe9\xa6\x01\x65\x2f\x29\xf3\xbb\
\x1d\x00\x00\x50\x33\xa5\x54\xf1\xf6\x01\xc5\xf7\x0e\xc9\x55\xd2\
\xd0\x69\x26\xc9\x51\x00\x00\x00\xa8\x06\x3f\x34\xa6\xf8\xee\x7e\
\xb9\xe1\x01\xb0\x77\xd2\x00\x00\x20\x00\x49\x44\x41\x54\x62\xe8\
\x28\x47\x64\x52\xc5\xcb\x54\x08\x1d\x04\x00\x80\x2c\x70\x95\x54\
\xc9\x8e\xc1\x89\x69\x40\xe3\xae\x0d\x70\xb2\x52\x2c\xa7\xd1\xd0\
\x41\x00\x00\xc8\x12\x3f\x34\x26\x97\x2f\xa9\xf2\xa8\x59\x4a\xe7\
\xb4\x85\x8e\x73\x30\x45\x2f\x29\x1f\x3a\x05\x00\x00\x59\xe3\xca\
\xa9\xe2\x7b\x87\xc6\xa7\x01\xe5\x86\x5b\x1b\x30\xec\x25\x26\x00\
\x00\x00\xd4\x8a\x1f\x1a\x53\xbc\xa5\x5f\x7e\x68\x2c\x74\x94\xfd\
\x0d\x33\x01\x00\x00\xa0\xc6\x5c\x65\x62\x1a\xb0\x63\x50\x6a\x80\
\x69\x80\x93\x86\xbd\x31\x01\x00\x00\xa0\x2e\xfc\x70\x51\xc9\xdd\
\xfd\xf2\x03\x61\xd7\xdf\x9b\x34\xec\x9d\x34\x1c\x34\x05\x00\x00\
\x2d\xc4\xa5\xa9\xe2\x9d\xc3\x8a\xb7\x0f\x4a\xa5\x40\xd3\x00\x67\
\xc3\x5e\xa6\xfe\x30\x67\x07\x00\xa0\x75\xf9\x91\xa2\x92\xad\x7b\
\x03\x4d\x03\xdc\x90\x77\xce\x51\x00\x00\x00\x08\xc0\x55\x6c\x62\
\x1a\x30\x50\xd7\x69\x80\x4b\x6d\xd8\xa7\x2e\xa5\x00\x00\x00\x10\
\x90\x1f\x29\x8d\x3f\x61\xb0\x4e\xd3\x80\xd4\x69\xd8\x3b\x63\x02\
\x00\x00\x40\x68\x0f\xad\x0d\xb8\x67\x40\xae\x58\xdb\xe7\xf4\x39\
\xe7\x77\x79\xe7\x58\x03\x00\x00\x40\xa3\xf0\xf9\x92\x92\xad\xfd\
\x8a\xf6\x8c\x4a\x56\x9b\xed\x84\x5d\xaa\x5d\x3e\x75\xe9\xde\x9a\
\x1c\x1d\x00\x00\x4c\x4f\x6a\x8a\x76\x8d\x2a\xde\x56\x9b\x69\x40\
\x1a\xb9\xdd\xde\x55\xe2\x5d\x55\x3f\x32\x00\x00\x98\x31\x9f\x2f\
\x2b\xd9\x32\x31\x0d\xa8\xa2\xc8\x95\x1f\xf0\xa5\x4a\xe5\xfe\xaa\
\x1e\x15\x00\x00\x54\x8f\x8d\x4f\x03\x92\xad\xd5\x9b\x06\x8c\x55\
\xe2\x07\xbd\x2a\x7b\x76\x49\x0a\xbf\x2f\x21\x00\x00\x38\x24\x57\
\x28\x55\x6b\x1a\x50\xd6\x82\xd3\xfb\xbd\x16\xdf\x52\x96\xd9\x9e\
\x6a\x84\x03\x00\x00\x35\xb4\x6f\x1a\xb0\xa5\x5f\x6e\xac\x3c\xcd\
\x83\xb8\xdd\x72\xab\x52\x3f\xfe\x6b\xc7\x6d\x00\x00\x00\x9a\x84\
\x1b\x2b\x2b\xd9\x3a\xa0\x68\xd7\x74\xde\x29\x60\x0f\x4a\xd2\x44\
\x01\xd0\x03\xd5\x0e\x07\x00\x00\x6a\xc8\x4c\xd1\x9e\x89\xb5\x01\
\x85\xc9\x4f\x03\x9c\xdc\x36\x69\x5f\x01\x30\xdd\x57\x9b\x74\x00\
\x00\xa0\x96\xdc\x58\x59\xc9\x3d\xfd\x13\xd3\x80\x23\x7f\xbd\xc9\
\x76\x48\x13\x05\xc0\x39\x6d\xab\x6d\x3c\x00\x00\x50\x33\xa6\x89\
\x69\xc0\xde\x23\x4e\x03\xcc\xd9\x1f\x27\x00\x66\x14\x00\x00\x00\
\x9a\x9d\x1b\xab\x1c\x71\x1a\xe0\x4c\xdb\xa5\x89\x02\xe0\x27\xda\
\x00\x00\x00\x68\x72\xfb\xa6\x01\x5b\xf6\xca\xe7\x4b\x8f\xfc\xb4\
\xf9\x3f\x4e\x00\x52\x73\x14\x00\x00\x00\x32\xc4\x15\x2b\x8a\xb7\
\x0d\x2a\xde\x39\x2c\xa5\x7f\x1c\x07\xf8\xc8\xfd\x71\x02\x50\x8a\
\xd2\x7b\x02\xe5\x03\x00\x00\xb5\x62\x26\x3f\x50\x50\x6e\x4b\xff\
\x43\xd3\x80\xa2\x72\x7f\x2c\x00\x3a\xf3\xaa\xdd\x92\xaa\xbb\xd1\
\x30\x00\x00\x68\x0c\xa5\xf1\x69\x40\xf4\xc0\x48\x51\x67\x7d\x73\
\x50\xda\x57\x00\xc6\xfd\x21\x50\x2c\x00\x00\x50\x6b\x66\xf2\xc3\
\xc5\x87\xb6\xfe\x7f\xa8\x00\x98\xf4\xbb\x30\x89\x00\x00\x40\x3d\
\x58\xec\x1f\xda\xfa\xdf\xef\xf7\x0b\x0a\x00\x00\x00\x59\x16\xfb\
\x87\xd6\xfc\xfd\x71\x02\xe0\xf4\xfb\x30\x69\x00\x00\x40\x3d\x98\
\x73\xbf\xd9\xf7\xeb\xfd\x0a\x40\x4a\x01\x00\x00\x20\xc3\x9c\xf7\
\x3f\xdd\xf7\xeb\x87\x0a\x40\xec\x62\x6e\x01\x00\x00\x90\x61\x2e\
\xf1\xb7\xee\xfb\xf5\x43\x05\xa0\xf0\x9c\xd3\xb7\x4a\xca\x07\x49\
\x04\x00\x00\x6a\xcb\x49\xa3\x2f\xbe\xee\x91\x13\x00\xb9\x55\xa9\
\xa4\x5f\x85\xc8\x04\x00\x00\x6a\xcb\x92\x68\x54\x4e\x8f\x7c\x1b\
\xe0\xf8\x67\xed\xae\xba\x27\x02\x00\x00\x35\x67\xb1\xbf\x6f\xff\
\xdf\x3f\xac\x00\x98\xf7\x14\x00\x00\x00\x32\xc8\x62\xf7\xeb\xfd\
\x7f\xff\xb0\x02\xe0\x99\x00\x00\x00\x90\x4d\x2e\xde\xbc\xff\x6f\
\x1f\x56\x00\x5c\x94\x52\x00\x00\x00\xc8\xa2\x36\xf7\xc3\xfd\x7f\
\xfb\xb0\x02\x30\xb6\x35\xfe\xbd\x78\x28\x10\x00\x00\xd9\xe2\xa4\
\x42\xe7\x68\xdf\xfe\x1f\x7a\xf8\x22\xc0\x0b\x7b\x2b\x92\x7e\x5e\
\xcf\x4c\x00\x00\xa0\xb6\xd2\x5c\x3c\xa4\xc5\xb7\x94\xf7\xff\x98\
\x3f\xc8\xd7\xfd\xf4\x20\x1f\x03\x00\x00\xcd\x2a\x71\x77\x1f\xf8\
\x21\x0a\x00\x00\x00\x19\x67\x51\xf4\x93\x03\x3f\xf6\xc8\x02\x90\
\xea\xf6\xba\xa4\x01\x00\x00\x75\xe1\x62\x77\xf3\x81\x1f\x7b\x44\
\x01\x28\x0d\x8e\xfe\x5c\x52\xa9\x2e\x89\x00\x00\x40\x6d\x39\xa7\
\xfc\xa0\xbb\xee\xc0\x0f\x3f\x72\x02\x70\xc1\x0d\x63\x92\x7e\x59\
\x8f\x4c\x00\x00\xa0\xb6\x2c\xf1\x79\xbd\xfc\x86\xc1\x03\x3f\x7e\
\xb0\x35\x00\x92\xd3\x6d\x35\x4f\x04\x00\x00\x6a\x2f\xf1\x8f\x58\
\x00\x28\x1d\xaa\x00\x98\x51\x00\x00\x00\xc8\x80\x34\xf1\x1b\x0f\
\xf6\xf1\x83\x16\x00\x47\x01\x00\x00\x20\x13\xbc\xf3\x6b\x0e\xfa\
\xf1\x83\x7d\xb0\xb8\xf0\x19\x77\x49\x1a\xa8\x69\x22\x00\x00\x50\
\x53\x16\x39\x1b\x9d\x57\x58\x7b\xb0\xcf\x1d\x62\x0d\xc0\xaa\x54\
\xd2\xe6\x83\x7e\x0e\x00\x00\x34\x87\x5c\xb4\xfb\xc0\x1d\x00\xf7\
\x39\x78\x01\x90\xe4\x4c\x9b\x6a\x97\x08\x00\x00\xd4\x9a\xf9\xe8\
\x90\x0f\xf9\x3b\x64\x01\xa8\x78\xb7\xa1\x36\x71\x00\x00\x40\x5d\
\xe4\xa2\xef\x1f\xea\x53\x87\x2e\x00\x95\xe2\x7a\x49\x07\x1d\x1b\
\x00\x00\x80\x06\xe7\x9c\xf2\x1d\xed\x5f\x3f\xd4\xa7\x0f\x59\x00\
\x74\xf6\x35\x43\x92\xfe\xaf\x16\x99\x00\x00\x40\x6d\x59\x2e\x1a\
\xd4\x0b\xaf\x7a\xe0\x50\x9f\x3f\x74\x01\x90\x24\xd3\x8f\xaa\x9e\
\x08\x00\x00\xd4\x9c\xc5\xd1\xcf\x0f\xf7\xf9\xc3\x16\x00\x27\x47\
\x01\x00\x00\xa0\x19\xe5\xdc\x21\xef\xff\x4b\x47\x28\x00\x45\xe7\
\x6e\x95\x94\x56\x35\x10\x00\x00\xa8\x2d\xe7\x94\xef\xe8\xfc\xea\
\xe1\xbe\xe4\xf0\xb7\x00\x16\xf6\xee\x91\x74\x47\x35\x33\x01\x00\
\x80\xda\x4a\x73\xd1\xd0\xe1\xee\xff\x4b\x47\x2a\x00\x92\x9c\x3d\
\xf2\x19\xc2\x00\x00\xa0\x81\x25\xd1\xed\x47\xfa\x92\x23\x16\x80\
\xd4\x1b\x05\x00\x00\x80\x26\x62\xb9\xe8\x9b\x47\xfa\x9a\x23\x16\
\x80\x72\x61\xce\x7a\x49\xf9\xaa\x24\x02\x00\x00\x35\x65\x91\xb3\
\xc2\x9e\xfc\x15\x47\xfa\xba\x23\x16\x00\x2d\xfe\x5a\x41\xe6\xd6\
\x57\x25\x15\x00\x00\xa8\x29\x6b\x8b\xee\xd5\xa5\xb7\x14\x8e\xf4\
\x75\x47\x2e\x00\x92\xcc\x71\x1b\x00\x00\x80\x66\x60\x71\xfc\xdf\
\x93\xf9\xba\x49\x15\x00\x6f\xe9\x0d\x33\x8b\x03\x00\x00\xea\xc1\
\xe5\xdc\x17\x27\xf3\x75\x93\x2a\x00\xc5\x45\x57\xfd\x42\xd2\x96\
\x99\x04\x02\x00\x00\xb5\x65\xb9\x68\x2c\xbf\xe4\xc6\x49\xdd\xb6\
\x9f\x54\x01\x98\x70\xed\x34\xf3\x00\x00\x80\x3a\xb0\xb6\xf8\xa7\
\x93\xfd\xda\x49\x17\x00\x53\x7a\xdd\xf4\xe2\x00\x00\x80\x7a\x48\
\x63\xff\xb5\xc9\x7e\xed\xa4\x0b\x40\xb9\xbf\xb0\x4e\xd2\xd0\x74\
\x02\x01\x00\x80\xda\xb2\x28\x4a\xc7\x8a\x73\x0e\xbb\xfd\xef\xfe\
\x26\x7f\x0b\xe0\x82\x1b\xc6\x4c\xee\x07\xd3\x4a\x05\x00\x00\x6a\
\xca\xda\xa3\xdf\xe9\xc2\xde\xe2\x64\xbf\x7e\x2a\x6b\x00\xe4\x5c\
\x7a\xcd\xd4\x23\x01\x00\x80\x5a\xb3\xd8\x7f\x77\x2a\x5f\x3f\xa5\
\x02\x50\x2a\xa4\x57\x4b\x9a\x74\xbb\x00\x00\x00\x75\xe0\x9c\x0a\
\xc9\xd8\x27\xa6\xf2\x92\x29\x15\x00\x2d\xbe\xba\x5f\xe6\xfe\x67\
\x4a\xaf\x01\x00\x00\x35\x65\xed\xd1\x4e\x2d\xb9\xe5\xc1\xa9\xbc\
\x66\x6a\x05\x40\x92\x9c\x56\x4f\xf9\x35\x00\x00\xa0\x66\x2c\x17\
\x4f\xf9\xda\x3c\xe5\x02\x50\xf2\xc5\xab\x25\x55\xa6\xfa\x3a\x00\
\x00\x50\x03\xce\x49\x49\xf2\xc1\xa9\xbe\x6c\xea\x13\x80\xb3\xae\
\xb9\x5f\xd2\x86\x29\xbf\x0e\x00\x00\x54\x5d\xda\x1e\xdf\x9b\x5f\
\x72\xed\x8e\xa9\xbe\x6e\xea\x05\x60\x5c\xef\x34\x5f\x07\x00\x00\
\xaa\x29\x37\xb5\xd5\xff\xfb\x4c\xab\x00\x94\xca\xfe\x3b\x92\xca\
\xd3\x79\x2d\x00\x00\xa8\x12\xe7\xe4\xa3\xf6\x7f\x99\xce\x4b\xa7\
\x37\x01\x38\xa7\x77\x97\x63\x53\x20\x00\x00\x82\x4a\x3b\xa2\xed\
\x23\xcb\xae\xb9\x7f\x3a\xaf\x9d\xee\x2d\x00\x99\xa5\xdf\x9a\xee\
\x6b\x01\x00\x40\x15\x24\xd1\xb7\xa7\xfb\xd2\x69\x17\x80\xd2\xec\
\x59\x6b\x24\x8d\x4c\xf7\xf5\x00\x00\x60\xfa\x2c\x72\x96\x1f\x8d\
\xfe\x79\xba\xaf\x9f\x76\x01\xd0\x33\xae\x18\x91\xf1\x88\x60\x00\
\x00\x42\xb0\xf6\xe4\x17\x7a\xf9\x0d\x83\xd3\x7d\x7d\x3c\x93\x93\
\xa7\xb2\x2b\xbc\xdc\x4b\x67\x72\x0c\x00\xb5\xb1\xe8\xf8\xa7\xeb\
\x33\x0b\xdf\x1e\x3a\x46\xa6\x6c\x1b\xbe\x5f\x1f\xf9\xd9\x15\xa1\
\x63\x00\x92\x24\xcb\xf9\x29\x6d\xfd\x7b\xa0\x19\x15\x80\xca\x8e\
\xe8\x46\x77\x52\xba\xdd\x49\x27\xcd\xe4\x38\x00\xaa\xef\x89\xf3\
\x4e\xd1\x13\xe7\x9d\x12\x3a\x46\xa6\xfc\xdf\xee\xdf\x50\x00\xd0\
\x10\x2c\x89\x8b\x85\xe5\x37\x4d\xfa\xd1\xbf\x07\x33\xfd\x5b\x00\
\x92\x74\x61\x6f\xc5\x3b\x7d\x73\x46\xc7\x00\x00\x00\x53\x92\xb6\
\xc7\xeb\x66\x7a\x8c\x99\x15\x00\x49\xae\xe2\x67\xd4\x40\x00\x00\
\xc0\xd4\xb8\xd8\xde\x33\xd3\x63\xcc\xb8\x00\x8c\x9d\xdd\xfb\x6b\
\x49\x7d\x33\x3d\x0e\x00\x00\x38\x32\xeb\x48\x76\xe5\x97\xaf\xbd\
\x6d\xa6\xc7\x99\x71\x01\x18\x67\x5f\xa9\xce\x71\x00\x00\xc0\xe1\
\xa4\x49\xfc\xe5\x6a\x1c\xa7\x2a\x05\xa0\x34\x16\x7d\x47\xd2\xb4\
\xdf\x8a\x00\x00\x00\x8e\xcc\x22\x9f\x16\x72\xc9\xb4\xdf\xfb\xbf\
\xbf\xea\x4c\x00\x16\xf7\x0e\xcb\xd9\x37\xaa\x72\x2c\x00\x00\x70\
\x50\xd6\x99\x6c\xd0\x92\xef\x8f\x56\xe3\x58\x55\xba\x05\x20\x39\
\x17\x7d\x4e\x92\x55\xeb\x78\x00\x00\x60\x3f\xce\x49\x6d\xfe\x9d\
\xd5\x3a\x5c\xd5\x0a\x40\xf1\xac\xde\xbb\x64\xb6\xa1\x5a\xc7\x03\
\x00\x00\x7f\x64\xed\xf1\xae\xfc\x92\x1b\xd7\x57\xeb\x78\x55\x2b\
\x00\x92\xe4\xbc\xff\xf7\x6a\x1e\x0f\x00\x00\x8c\x4b\xdb\xfd\x17\
\xab\x79\xbc\xaa\x16\x80\xe2\xde\x91\xef\x4a\xda\x55\xcd\x63\x02\
\x00\xd0\xf2\x62\x5f\x2a\x9c\xf4\xd8\xf7\x56\xf3\x90\x55\x2d\x00\
\xba\xe0\x86\x31\x27\x63\x0a\x00\x00\x40\x15\xa5\x9d\xc9\x75\x3a\
\xe3\x8b\xa5\x6a\x1e\xb3\xba\x05\x40\x52\xb1\xac\x7f\x93\x54\xac\
\xf6\x71\x01\x00\x68\x45\x16\x39\x53\xd4\xf1\xa6\x6a\x1f\xb7\xea\
\x05\x40\xe7\xac\xb9\x4f\x4e\x57\x56\xfd\xb8\x00\x00\xb4\x20\x6b\
\xcf\xfd\x2c\xbf\xfc\x7b\xdb\xaa\x7d\xdc\xea\x17\x00\x49\x92\xcd\
\xe8\x11\x85\x00\x00\x60\x9c\x8f\xe3\x7f\xa8\xc9\x71\x6b\x71\xd0\
\xd2\x82\x35\xb7\xcb\xac\x6a\x6f\x55\x00\x00\xa0\x15\x59\x47\xb2\
\x6b\xa4\xeb\xfa\x1b\x6b\x71\xec\x1a\x4d\x00\x24\xe7\x3d\x53\x00\
\x00\x00\x66\xc0\x3a\x72\x1f\xa8\xd5\xb1\x6b\x56\x00\x8a\x67\x3d\
\xf5\x6a\x49\x77\xd5\xea\xf8\x00\x00\x64\x99\xb5\xc5\x23\xf9\x65\
\xd7\x7f\xaa\x56\xc7\xaf\x59\x01\x90\x5b\x95\x4a\xf6\xf1\x9a\x1d\
\x1f\x00\x80\x0c\x4b\x3b\xe3\xcf\xd6\xf2\xf8\xb5\x2b\x00\x92\x4a\
\xb9\x63\xbf\x2e\x53\xd5\x57\x2e\x02\x00\x90\x65\x96\xc4\xc5\xc2\
\xbc\xb1\x7f\xaa\xe5\x39\x6a\x5a\x00\x74\xc6\x17\x4b\xe6\xdc\xa7\
\x6b\x7a\x0e\x00\x00\x32\x26\xed\x88\xff\x4b\x8b\x6f\x29\xd7\xf2\
\x1c\xb5\x2d\x00\x92\xca\x69\xf1\x0b\x92\xf6\xd6\xfa\x3c\x00\x00\
\x64\x81\x45\x3e\x2d\xf8\x8e\xcb\x6b\x7d\x9e\x9a\x17\x00\x9d\x7d\
\xcd\x90\x93\x3e\x53\xf3\xf3\x00\x00\x90\x01\x36\x2b\xbe\x4e\x2b\
\xae\xee\xaf\xf5\x79\x6a\x5f\x00\x24\x15\x73\xfe\xe3\x92\x6a\xfe\
\x0f\x03\x00\x40\x33\xb3\xc8\xa7\x3e\xee\x78\x6d\x3d\xce\x55\x97\
\x02\xa0\x33\x7a\x07\x9c\x73\x35\x5d\xcd\x08\x00\x40\xb3\xb3\x59\
\xf1\x75\x23\xcb\xae\xb9\xbf\x1e\xe7\xaa\x4f\x01\x90\x54\x2c\x94\
\x3f\x26\xa6\x00\x00\x00\x1c\x94\x45\x3e\xcd\xe7\x4a\xaf\xae\xd7\
\xf9\xea\x56\x00\xb4\xf8\xea\x7e\x67\xf6\xf9\xba\x9d\x0f\x00\x80\
\x26\x62\xb3\xe2\x6b\xb5\xe4\x96\x07\xeb\x75\xbe\xfa\x15\x00\x49\
\xc5\xd8\x3e\x2e\x69\xb0\x9e\xe7\x04\x00\xa0\xd1\x4d\xfc\xf4\xff\
\x9a\x7a\x9e\xb3\xae\x05\x40\x67\x5e\xb5\xdb\x1c\xbb\x03\x02\x00\
\xb0\x3f\x9b\x95\x5c\x53\xcf\x9f\xfe\xa5\x7a\x17\x00\x49\xe5\x42\
\xf4\x31\xc9\xd5\x65\x81\x03\x00\x00\x8d\xce\x12\x5f\xce\xe7\xa3\
\x57\xd5\xfb\xbc\x75\x2f\x00\x5a\xdc\x3b\x2c\xa5\x1f\xaa\xfb\x79\
\x01\x00\x68\x40\x69\x47\xfc\x35\xbd\xfc\x86\xba\xdf\x1e\xaf\x7f\
\x01\x90\x54\x9a\x17\x7d\x5e\xd2\xdd\x21\xce\x0d\x00\x40\xa3\xb0\
\x24\x2a\x16\x06\x4b\x6f\x0c\x71\xee\x20\x05\x40\xa7\xf7\x16\x65\
\xee\xfd\x41\xce\x0d\x00\x40\x83\x48\x67\xc7\x1f\xd5\xa5\xb7\x14\
\x42\x9c\x3b\x4c\x01\x90\x54\xda\xe1\xbe\x2e\xa7\x3b\x42\x9d\x1f\
\x00\x80\x90\xac\x2d\x1a\x2e\x2c\x5b\xfb\xee\x50\xe7\x0f\x56\x00\
\x74\x61\x6f\xc5\xd2\xf4\xad\xc1\xce\x0f\x00\x40\x48\x9d\xc9\x3f\
\xc8\x29\x0d\x75\xfa\x70\x05\x40\x52\x79\xd1\x55\xff\x6d\x72\x57\
\x85\xcc\x00\x00\x40\xbd\xa5\xb3\xe2\xed\xa3\xcb\x6f\xfa\x5c\xc8\
\x0c\x41\x0b\x80\x24\xc5\x15\x7b\xbb\xa4\x20\xf7\x3f\x00\x00\xa8\
\x3b\xe7\xe4\x93\xe4\x92\xd0\x31\x82\x17\x80\xc2\x73\x57\xff\xc1\
\x39\x7d\x2a\x74\x0e\x00\x00\xea\x21\xed\x4c\x36\x8d\xac\xb8\xf1\
\x87\xa1\x73\x04\x2f\x00\x92\x54\xac\x94\x3e\xe0\xa4\xfb\x42\xe7\
\x00\x00\xa0\x96\x2c\x8a\x52\xe5\x3a\x2f\x0c\x9d\x43\x6a\x90\x02\
\xa0\xb3\xaf\x19\x32\xe9\x9f\x42\xc7\x00\x00\xa0\x96\xd2\x59\xc9\
\x37\xf3\xcb\xbf\xb7\x2d\x74\x0e\xa9\x51\x0a\x80\xa4\xd2\x82\xa7\
\x7d\x4d\xd2\x4f\x42\xe7\x00\x00\xa0\x16\xac\x2d\xca\x17\x2a\x73\
\xff\x3a\x74\x8e\x7d\x1a\xa6\x00\xc8\xad\x4a\xcd\xfc\x1b\x25\x59\
\xe8\x28\x00\x00\x54\x9b\x75\xb6\xff\x83\x2e\xec\x2d\x86\xce\xb1\
\x4f\xe3\x14\x00\x49\xe5\x45\xbd\x1b\x65\xba\x32\x74\x0e\x00\x00\
\xaa\x29\x9d\x9d\xfc\x36\xbf\xfc\xfa\x4f\x87\xce\xb1\xbf\x86\x2a\
\x00\x92\x14\xc9\xde\x21\x69\x34\x74\x0e\x00\x00\xaa\xc1\xbc\xb3\
\xca\x2c\x5b\x1e\x3a\xc7\x81\x1a\xae\x00\x14\x16\xad\xd9\x6a\xce\
\xde\x1b\x3a\x07\x00\x00\xd5\x90\xce\x69\xfb\xaf\xe2\x05\x3f\xbc\
\x2b\x74\x8e\x03\x35\x5c\x01\x90\xa4\x72\x61\xcf\xc7\xc5\x82\x40\
\x00\x40\x93\xb3\x5c\x34\x5a\x28\xcf\xbd\x24\x74\x8e\x83\x69\xc8\
\x02\xa0\xc5\xb7\x94\x25\xbd\x56\x52\x39\x74\x14\x00\x00\xa6\x2b\
\xed\x88\x5f\xdf\x48\x0b\xff\xf6\xd7\x98\x05\x40\x52\x69\xe1\xea\
\x9f\x3a\xa7\x8f\x85\xce\x81\x26\xc2\xfb\x47\x00\x34\x90\x74\x4e\
\x72\x7b\xa1\x6b\xed\x7f\x86\xce\x71\x28\x0d\x5b\x00\x24\xa9\xb8\
\x77\xf4\x3d\x92\x7e\x15\x3a\x07\x9a\x44\x4a\x03\x00\xd0\x18\x2c\
\xf1\x65\x9f\x74\x5e\x10\x3a\xc7\xe1\x34\x74\x01\xd0\x05\x37\x8c\
\x99\xfc\xdf\x88\x9f\xed\x30\x09\x8e\x02\x00\xa0\x41\xa4\xb3\xda\
\xde\x3d\xb2\xec\x9a\xfb\x43\xe7\x38\x9c\xc6\x2e\x00\x92\xca\x0b\
\x7b\xff\x47\xd2\x57\x42\xe7\x40\x13\xa0\x00\x00\x68\x00\xe9\xec\
\xe4\xb7\x85\x15\x37\x7e\x30\x74\x8e\x23\x89\x43\x07\x98\x8c\x52\
\xce\xbf\x2d\x2e\xa6\x2f\x72\xd2\x89\xa1\xb3\xa0\x71\x7d\x70\xeb\
\x95\x3a\xfe\xd7\xed\xcc\x8b\x50\x33\x0f\x16\xfa\x43\x47\x40\x83\
\xb3\xc8\xa7\x69\x9c\x9c\x1f\x3a\xc7\x64\xb8\xd0\x01\x26\x2b\xb7\
\xa1\x6b\xa5\x39\xd7\x1b\x3a\x07\x1a\x9b\x1f\x2d\x29\xba\x77\x48\
\xae\x92\x86\x8e\x02\xa0\x05\xa5\xf3\xdb\x3f\x96\x5f\x71\xd3\xdb\
\x43\xe7\x98\x8c\xa6\x29\x00\x92\x14\xf7\xad\x5c\xe3\x64\x2b\x42\
\xe7\x40\x63\x73\xa5\x54\xf1\x8e\x41\xb9\x31\xde\x45\x0a\xa0\x7e\
\xd2\xce\xdc\x96\xfc\x4b\x6f\x7e\x5c\xe8\x1c\x93\xd5\xf0\x6b\x00\
\xf6\x57\x2e\xa7\x6f\x90\xd9\x83\xa1\x73\xa0\xb1\x59\xe2\x55\x3e\
\x65\x9e\x6c\x76\x2e\x74\x14\x00\x2d\xc2\xe2\xa8\x92\xe6\xe2\x17\
\x84\xce\x31\x15\x4d\x55\x00\x74\xce\x9a\xfb\x52\xef\x5f\x29\xee\
\xf2\xe2\x08\xcc\x3b\x95\x4e\x9c\xab\xca\xd1\x9d\xa1\xa3\x00\x68\
\x01\x69\x67\xfc\xfe\xb1\x15\x37\xfc\x3e\x74\x8e\xa9\x68\xaa\x5b\
\x00\xfb\x24\x7d\x5d\xff\x2e\xb9\xd7\x85\xce\x81\xe6\xe0\x07\x0a\
\x8a\xef\x1f\x91\x8c\xde\x08\xa0\xfa\x6c\x76\xee\xae\xd1\x9e\x9b\
\x4f\x0f\x9d\x63\xaa\x9a\x6b\x02\x30\xa1\x94\x2b\xbd\x55\x6c\x10\
\x84\x49\x4a\xe7\xb5\xab\x7c\xf2\x3c\x59\xd4\x94\xff\xb9\x03\x68\
\x64\xb1\x2f\xcb\xfb\xa6\x1a\xfd\xef\xd3\x9c\xdf\x11\xcf\xf8\xfe\
\xa8\x9c\xbd\x4c\x52\x43\xee\xaf\x8c\xc6\x93\x76\xc4\x2a\x9d\x3a\
\x4f\xd6\x16\x85\x8e\x02\x20\x43\x6c\x4e\xdb\xe5\xa3\xdd\x37\xdd\
\x17\x3a\xc7\x74\x34\x67\x01\x90\x54\x5a\xb0\xe6\x76\x33\xf7\xee\
\xd0\x39\xd0\x44\x92\x48\xe5\x53\xe6\xb3\x38\x10\x40\x55\xa4\xb3\
\xdb\xfe\x67\x74\xf9\x8d\x9f\x0f\x9d\x63\xba\x9a\xb6\x00\x48\x52\
\x79\xe1\x53\x3f\x2a\xb9\xff\x0e\x9d\x03\xcd\xe3\xa1\xc5\x81\xc7\
\xb2\x38\x10\xc0\xf4\x59\x7b\x3c\x98\xb7\x79\x7f\x19\x3a\xc7\x4c\
\x34\x75\x01\x90\x5b\x95\xc6\x72\xaf\x94\xb4\x3b\x74\x14\x34\x97\
\xca\x31\x9d\x2a\x9f\x30\x47\x72\x4d\xb9\x0e\x16\x40\x40\x16\x39\
\xb3\xd9\xc9\x8b\x1b\xf5\x31\xbf\x93\xd5\xdc\x05\x40\x52\x7e\x61\
\xef\x0e\xe7\xdc\x65\xa1\x73\xa0\xf9\xa4\x73\xda\x54\x3a\x65\x9e\
\x2c\x6e\xfa\xbf\x06\x00\xea\xc8\xe6\xb4\x7f\x36\xbf\xe4\xc6\xf5\
\xa1\x73\xcc\x54\x66\x7e\xfc\x49\x36\x76\x7d\x45\xe6\x2e\x0d\x9d\
\x03\x4d\xa8\x9c\x2a\xd9\x31\x28\x57\x60\xe7\x40\x00\x87\x67\xb3\
\x72\xbf\x1c\xbd\xf0\xe6\xd3\x42\xe7\xa8\x86\xcc\xfc\xe8\x53\x2a\
\x44\x6f\x92\x74\x57\xe8\x1c\x68\x42\xb1\x57\xe9\xe4\x79\x4a\xe7\
\xb4\x85\x4e\x02\xa0\x81\x59\x2e\x2a\x8c\x76\x94\xce\x09\x9d\xa3\
\x5a\x32\x53\x00\xb4\xb8\x77\xd8\x7b\x2d\x97\x34\x10\x3a\x0a\x9a\
\x90\x77\x2a\x9f\x30\x47\x95\xe3\x58\x1c\x08\xe0\x91\x2c\x72\xa6\
\x59\xb9\x6e\x2d\xb9\x25\x33\xdb\xd1\x67\xa7\x00\x48\x1a\x3b\x6b\
\xf5\x6f\xbd\x33\xb6\x0a\xc6\xb4\x55\x8e\x9e\x58\x1c\xe8\x33\x73\
\x77\x0c\x40\x15\xd8\x9c\xb6\x8f\x8f\x2e\xbf\xf1\xfa\xd0\x39\xaa\
\x29\x93\xdf\xe5\x72\x1b\xba\x3e\x60\xce\xbd\x33\x74\x0e\x34\x2f\
\x37\x56\x56\xb2\x7d\x48\x2a\x57\x42\x47\x01\x10\x58\x3a\x27\xb9\
\x3d\xbf\xf2\x07\xcf\x0e\x9d\xa3\xda\x32\x35\x01\xd8\xa7\xb8\xf0\
\xe9\xef\x72\xd2\x0d\xa1\x73\xa0\x79\x59\x5b\xac\xe2\xa9\xf3\x64\
\xed\x71\xe8\x28\x00\x02\xb2\xb6\x68\x38\x7f\x4c\xf9\x79\xa1\x73\
\xd4\x42\x26\x0b\x80\xdc\xaa\xb4\x18\xa5\xaf\x90\xb4\x35\x74\x14\
\x34\xb1\xd8\xab\x74\xca\x3c\xa5\x73\x59\x1c\x08\xb4\x22\x8b\x7c\
\x6a\x9d\xf1\x0b\xb4\xf8\x96\xe1\xd0\x59\x6a\x21\x9b\x05\x40\x92\
\xce\xbc\x6a\xb7\x2a\xe9\x32\x49\xa3\xa1\xa3\xa0\x89\x39\xa7\xf2\
\x63\x26\x16\x07\xb2\x69\x10\xd0\x3a\x9c\x93\xcd\x69\x7f\x5b\x7e\
\xf9\xda\xdb\x42\x47\xa9\x95\xec\x16\x00\x49\xa5\xe7\x5e\x75\x87\
\x33\xf1\xd8\x60\xcc\x18\x8b\x03\x81\xd6\x52\x99\xdb\xf6\xed\xfc\
\x8a\x1b\x3e\x19\x3a\x47\x2d\xb5\xc4\x77\xb3\xa4\xaf\xfb\xdf\x24\
\xfd\x4d\xe8\x1c\x68\x7e\x6e\xac\xac\x64\xc7\xa0\x54\x4a\x43\x47\
\x01\x50\x23\xe9\xec\xe4\xb7\xf9\x9e\x1f\x3c\x31\x74\x8e\x5a\xcb\
\xf4\x04\x60\x9f\x52\xff\xe8\x9b\xe5\xb4\x29\x74\x0e\x34\x3f\x6b\
\x8b\x55\x3a\x65\xbe\xd2\x8e\x24\x74\x14\x00\x35\x60\x6d\xf1\x60\
\xfe\xd8\xf2\xb3\x42\xe7\xa8\x87\x96\x28\x00\xba\xe0\x86\xb1\x52\
\xc9\x2f\x95\xf4\xbb\xd0\x51\xd0\xfc\x2c\xf6\x2a\x9f\x3c\x4f\xe9\
\xbc\xf6\xd0\x51\x00\x54\x91\x25\x51\xb9\x3c\x5f\x0b\xb2\xba\xe8\
\xef\x40\xad\x51\x00\x24\xe9\x9c\xde\x5d\xce\xa5\x4b\x25\xed\x0d\
\x1d\x05\x19\xe0\xa4\xf2\xa3\x67\xab\xf2\xa8\x59\x2c\x0e\x04\x32\
\x60\xfc\x09\x7f\x6d\x2f\x2f\x5e\xf0\xc3\x96\xd9\x52\xbe\x75\x0a\
\x80\xa4\xe2\x82\xab\x7e\x69\xf2\x2b\x24\x8d\x85\xce\x82\x6c\xa8\
\x1c\xd5\xa1\xf2\x89\x73\x64\x11\x25\x00\x68\x66\xe9\xdc\xdc\xbf\
\xe4\x97\xdf\xf0\x9d\xd0\x39\xea\xa9\x25\xbf\x6b\xe5\xfa\xba\x2f\
\x32\xe9\x9b\x6a\xd1\x7f\x7e\x54\x9f\x1b\xab\x4c\x2c\x0e\x64\xe7\
\x40\xa0\xd9\xa4\x73\xdb\x7b\xf3\xdd\x37\x5d\x18\x3a\x47\xbd\x45\
\xa1\x03\x84\x50\xf9\x8f\x5f\xfe\x22\x7e\xf5\xe9\x4e\x4e\xe7\x86\
\xce\x82\x8c\x88\xbd\xd2\xb9\xed\x72\x85\xb2\x1c\xef\x10\x00\x9a\
\x46\x3a\x3b\xf7\xd3\xfc\xca\xb5\x2f\x08\x9d\x23\x84\x96\xba\x05\
\xb0\xbf\xe2\xc2\xef\xbe\x57\xb2\xaf\x87\xce\x81\xec\xb0\xc8\xa9\
\x7c\xd2\x3c\x55\xe6\x77\x84\x8e\x02\x60\x12\xac\x23\xd9\x95\xb7\
\xf9\x67\x85\xce\x11\x4a\xcb\x16\x00\x39\x59\x69\x5e\xf4\x5a\x49\
\xb7\x84\x8e\x82\x0c\x71\x52\xe5\xf8\x59\xaa\x1c\x37\x2b\x74\x12\
\x00\x87\x61\x6d\xf1\xc8\xe8\x51\x73\x9e\xaa\x0b\x7b\x8b\xa1\xb3\
\x84\xd2\xba\x05\x40\x92\x4e\xef\x2d\x96\x7c\xfb\x32\x49\x3f\x0f\
\x1d\x05\xd9\x52\x39\xba\x43\xe5\x93\xe6\xc9\xd8\x39\x10\x68\x38\
\x96\xf8\x52\xb9\x3d\x3a\x4b\x2f\xbc\xea\x81\xd0\x59\x42\xe2\xbb\
\x93\xa4\xf6\x8d\xcb\x1f\x5b\xb1\x78\x93\x64\xc7\x87\xce\x82\x6c\
\x71\xc5\x8a\xe2\x1d\x83\x72\x45\x16\x07\x02\x8d\xc0\xe2\xa8\x62\
\xf3\x73\xe7\xe6\x97\xdc\xb8\x3e\x74\x96\xd0\x5a\x7b\x02\x30\xa1\
\xb0\xe0\xea\x2d\x72\xe9\x05\x92\x06\x42\x67\x41\xb6\x58\x2e\x52\
\xf9\x94\x79\x4a\x3b\xd9\x39\x10\x08\xcd\xbc\x33\x9b\x9b\xbb\x88\
\x8b\xff\x38\x0a\xc0\x84\xd2\x82\x35\xb7\x2b\xb5\x17\x49\x6a\x89\
\x1d\xa0\x50\x3f\x16\x79\x16\x07\x02\xa1\x39\x27\x9b\x9b\xbb\x3c\
\xbf\xec\xc6\xde\xd0\x51\x1a\x05\x05\x60\x3f\xa5\xb3\xd7\x6c\x32\
\xb9\xe5\x92\x0a\xa1\xb3\x20\x63\xf6\x2d\x0e\x3c\x7e\x16\x37\xde\
\x80\x7a\x73\x52\x65\x7e\xfb\x87\xf2\x2b\xd6\x7e\x26\x74\x94\x46\
\xc2\xb7\xa2\x83\x88\xfb\xba\x5f\xe8\xa4\xef\x49\x6a\x0b\x9d\x05\
\xd9\xe3\xf3\x25\x45\x3b\x86\xe4\x2a\xec\x17\x00\xd4\x9c\x73\x4a\
\xe7\xe5\xfe\x2d\xbf\x62\xed\xeb\x43\x47\x69\x34\x14\x80\x43\xc8\
\x6d\x5c\xd9\x65\x66\xdf\x91\x14\x87\xce\x82\xec\x61\x71\x20\x50\
\x1f\x95\x79\xed\xdf\x2e\x74\xdd\x74\x71\xe8\x1c\x8d\x88\x02\x70\
\x18\x49\xdf\xca\x57\x4a\xf6\x55\x71\xab\x04\x35\xe0\x52\x53\x74\
\xdf\x90\xfc\x70\xcb\xbe\x0d\x19\xa8\xa9\x74\x6e\xfb\x75\xf9\xee\
\x9b\x5e\x12\x3a\x47\xa3\xa2\x00\x1c\x41\xd2\xd7\xfd\x06\x49\x9f\
\x0d\x9d\x03\xd9\x15\xed\x1a\x55\xb4\x67\x34\x74\x0c\x20\x53\x2a\
\x73\xdb\x7e\x50\xe8\x5e\x7b\x5e\xe8\x1c\x8d\x8c\x02\x30\x09\xf1\
\xc6\xae\xbf\x77\xe6\x3e\x1c\x3a\x07\xb2\xcb\x0f\x14\x14\xdf\x3f\
\x22\x99\x85\x8e\x02\x34\xbd\x74\x76\x5b\x5f\xbe\x67\xed\xa2\xd0\
\x39\x1a\x1d\x05\x60\x92\x72\x7d\x5d\xef\x33\xb9\x77\x85\xce\x81\
\xec\xf2\xf9\xb2\xa2\x1d\x83\x2c\x0e\x04\x66\x20\x9d\xdd\x76\x5b\
\xbe\x67\x6d\xcb\xee\xef\x3f\x15\x14\x80\x29\x88\x37\xac\x7c\x87\
\x73\xf6\xa1\xd0\x39\x90\x61\xa5\x8a\x92\xed\x2c\x0e\x04\xa6\x23\
\x9d\xd3\xb6\x29\xbf\x72\xed\x82\xd0\x39\x9a\x05\x05\x60\x8a\x26\
\x6e\x07\x7c\x48\xfc\xd9\xa1\x46\x5c\x6a\x8a\xef\x1b\x92\x63\x71\
\x20\x30\x69\x5c\xfc\xa7\x8e\x8b\xd8\x34\x24\x1b\xbb\xff\x46\xa6\
\xcf\x89\x77\x07\xa0\x86\xa2\xdd\xa3\x8a\x1e\x64\x71\x20\x70\x24\
\x95\xb9\x6d\xeb\x0a\xdd\x6b\xff\x22\x74\x8e\x66\x43\x01\x98\xa6\
\x64\x63\xd7\x25\x32\xf7\x65\x49\x51\xe8\x2c\xc8\xae\xf1\xc5\x81\
\xc3\x12\x6b\x03\x81\x83\xaa\xcc\x69\xbb\xa1\xb0\x72\xed\x05\xa1\
\x73\x34\x23\x0a\xc0\x0c\xe4\x36\xac\x5c\x66\xce\xbe\x23\x76\x0c\
\x44\x0d\xb9\x42\x49\xf1\x8e\x21\xb9\x32\x8b\x03\x81\xfd\xa5\x73\
\x73\x57\xe5\xbb\x6f\xee\x0a\x9d\xa3\x59\x51\x00\x66\x28\x5a\xdf\
\x7d\x81\xf7\xfa\xae\x24\x9e\xf4\x82\xda\x29\xa7\x4a\x76\x0c\xca\
\x15\xca\xa1\x93\x00\x0d\xa1\x32\xbf\xed\x3f\x0a\x2b\xd6\xfe\x75\
\xe8\x1c\xcd\x8c\x7b\xd8\x33\x54\x39\x7b\xf5\xf5\x26\x7f\xbe\xa4\
\xa1\xd0\x59\x90\x61\xb1\x57\xe9\xe4\x79\xb2\xd9\xb9\xd0\x49\x80\
\xb0\x9c\x94\xce\x6b\xfb\x28\x17\xff\x99\x63\x02\x50\x25\xc9\x86\
\xae\x3f\x97\x73\x37\x4a\x3a\x3a\x74\x16\x64\x1b\x8b\x03\xd1\xb2\
\x9c\x94\xce\x6b\x7f\x47\x7e\xc5\x4d\x1f\x09\x1d\x25\x0b\x28\x00\
\x55\x94\x6c\xec\x7a\x96\xcc\x5f\x2f\xd9\xf1\xa1\xb3\x20\xdb\xfc\
\xe0\x98\xe2\x9d\xc3\xec\x1c\x88\x96\x61\x51\x94\xa6\x73\xda\x2f\
\x29\xac\xb8\xfe\x8a\xd0\x59\xb2\x82\x02\x50\x65\xed\x1b\x97\x3f\
\xb6\x62\xd1\x75\x92\x4e\x0b\x9d\x05\xd9\xe6\xc6\xca\x4a\x76\x0c\
\x4a\x25\x16\x07\x22\xe3\x92\xa8\xa4\x39\xf1\x8b\x47\x96\xad\xbd\
\x39\x74\x94\x2c\xa1\x00\xd4\xc2\xba\xe5\xf3\x93\xf6\x68\x8d\x4c\
\x8b\x43\x47\x41\xc6\xb1\x38\x10\x19\x67\xb9\x78\xa4\x7c\x94\x9e\
\x53\xbc\xe0\x87\x77\x85\xce\x92\x35\x14\x80\x5a\xb9\xb3\x27\x97\
\x0c\x54\xbe\x24\xb9\x57\x86\x8e\x82\x8c\x33\x53\xbc\x73\x58\x7e\
\x70\x2c\x74\x12\xa0\xaa\xac\x23\xd9\x39\x3a\xab\xfc\x34\x2d\xb9\
\xe5\xc1\xd0\x59\xb2\x88\x02\x50\x4b\x26\x97\xeb\x5b\xf9\x1e\x73\
\xf6\x6e\xf1\x67\x8d\x1a\x63\x71\x20\xb2\xc4\x66\x25\x77\x8d\xea\
\xa8\x67\xea\xc2\x5e\xf6\xc4\xae\x11\x2e\x4a\x75\x90\xdb\xd8\xf5\
\x52\x33\xf7\x35\x49\xed\xa1\xb3\x20\xdb\xfc\x50\x51\xf1\xce\x21\
\x29\x65\x71\x20\x9a\x57\x3a\xbb\xed\x7f\xf2\x3d\x6b\xcf\x0d\x9d\
\x23\xeb\xd8\x07\xa0\x0e\x8a\x0b\xd6\x7c\xc7\x9c\xbd\x40\x66\x8c\
\xb1\x50\x53\xe9\x9c\x9c\x4a\xa7\xcc\x97\x12\xfe\x6a\xa3\xf9\x58\
\xe4\xac\x32\xb7\xe3\x83\x5c\xfc\xeb\x83\x09\x40\x1d\xb5\x6d\xea\
\xfe\xd3\x34\xd5\x75\x92\xfe\x34\x74\x16\x64\x9b\x2b\xa7\x8a\xee\
\x1d\x92\xcf\x97\x42\x47\x01\x26\xc5\x62\x5f\xb1\x39\xb9\x57\xe6\
\x97\xdf\xf4\xad\xd0\x59\x5a\x05\x05\xa0\xde\x7e\xdc\xf3\xe8\xa4\
\x92\x5e\x25\xd3\x59\xa1\xa3\x20\xe3\x4c\x8a\xef\x1f\x96\x1f\x28\
\x84\x4e\x02\x1c\x96\xb5\x45\xc3\xe5\x59\xb9\x45\xc5\x65\x37\xfe\
\x2c\x74\x96\x56\x42\x01\x08\xe1\xce\x9e\x5c\x32\x90\x7e\x4a\xd2\
\xdf\x84\x8e\x82\xec\x8b\xf6\xe4\xc7\x17\x07\xb2\x69\x10\x1a\x50\
\xda\x91\xdb\x92\x6f\x9b\xf5\x4c\xad\xb8\xba\x3f\x74\x96\x56\x43\
\x01\x08\x28\xb7\xa1\xfb\xe5\xe6\xf4\x05\x49\x9d\xa1\xb3\x20\xdb\
\xfc\x48\x51\xd1\xbd\xc3\x72\x29\x9b\x06\xa1\x41\x38\xa9\x32\x9b\
\x47\xf9\x86\xc4\x4a\xa1\x80\x8a\x8b\x56\x7f\x43\xe6\x17\x49\xfa\
\x43\xe8\x2c\xc8\xb6\x74\x56\x4e\xe5\x53\xe6\x4a\x49\x14\x3a\x0a\
\x20\x8b\x7c\x9a\xce\x6b\x7f\x3b\x17\xff\xb0\x98\x00\x34\x82\xbe\
\x9e\xa3\x73\x4a\xbf\x65\xd2\x0b\x43\x47\x41\xb6\xb9\x8a\x29\xba\
\x77\x50\x7e\x94\xc5\x81\x08\xc3\x72\xd1\xa8\xcd\xea\x38\x2f\xbf\
\xfc\xba\xbe\xd0\x59\x5a\x1d\x13\x80\x46\xb0\xb0\x77\x4f\x71\xbb\
\x7f\xb1\x33\xfb\x17\x49\xdc\xa8\x45\xcd\x58\xe4\x54\x3e\x69\xae\
\xd2\x79\x6c\x49\x81\xfa\xb3\x59\xb9\x5f\x8e\x5a\xdb\x63\xb8\xf8\
\x37\x06\x26\x00\x0d\x26\xea\x5b\xf9\x12\x2f\xbb\x42\xd2\xfc\xd0\
\x59\x90\x6d\x7e\xa0\xa0\xf8\xfe\x61\x2a\x27\x6a\xcf\x39\x55\xe6\
\xb4\x7d\xbd\xd0\x7d\xd3\xab\x42\x47\xc1\x1f\x51\x00\x1a\xd0\xc4\
\x7e\x01\xab\x25\x3d\x2d\x74\x16\x64\x9b\x1f\x29\x29\xba\x77\x50\
\x8e\x9d\x03\x51\x23\x96\x8b\xc6\xd4\xd9\xf6\x57\xa3\x2b\x6e\xb8\
\x3a\x74\x16\x3c\x1c\x05\xa0\x51\xad\xeb\x99\x9d\xb4\xa5\x9f\x94\
\xf4\x9a\xd0\x51\x90\x6d\xae\x58\x51\xbc\x63\x50\xae\x58\x09\x1d\
\x05\x19\x93\x76\xe6\x7e\x97\xef\x6c\x5f\xa0\x25\xdf\x67\x17\xd4\
\x06\x44\x01\x68\x70\xb9\xbe\xae\x15\x26\xf7\x25\x49\xc7\x84\xce\
\x82\xec\x72\x95\x89\x9d\x03\x59\x1c\x88\x6a\x60\xe4\xdf\x14\x28\
\x00\x4d\xa0\xa3\xaf\xe7\xc4\xb2\xec\xeb\x92\xfd\x45\xe8\x2c\xc8\
\x30\x33\xc5\x0f\x8c\xca\xf7\xe7\x43\x27\x41\x13\xb3\xb6\x68\xc4\
\xcd\x8f\xba\x46\x2e\xb8\x79\x6d\xe8\x2c\x38\x3c\x0a\x40\xb3\x30\
\xb9\x64\x63\xf7\x9b\x24\x7d\x58\x52\x5b\xe8\x38\xc8\xae\xf1\xc5\
\x81\x23\xec\x1c\x88\xa9\x71\x4e\x69\x67\x72\x47\xfe\xb8\xd2\xd9\
\x5a\x7c\xcb\x70\xe8\x38\x38\x32\x0a\x40\x93\xc9\x6d\x58\xf1\x54\
\x73\xfe\x5b\x62\x81\x20\x6a\x68\x7c\x71\xe0\x10\x3b\x07\x62\x52\
\x2c\x89\xca\x36\x2b\x7e\x6b\x7e\xc5\xda\xcf\x84\xce\x82\xc9\xa3\
\x00\x34\xa3\x75\x97\xb4\x27\xed\x43\x1f\x96\xe9\x8d\xe2\xdf\x21\
\x6a\x84\xc5\x81\x98\x8c\xb4\x33\xde\x6e\x1d\x9d\xe7\x14\x96\x7e\
\xff\xee\xd0\x59\x30\x35\x5c\x3c\x9a\x58\xdb\xc6\xae\xa5\xa9\xb9\
\x2f\x4b\x3a\x2e\x74\x16\x64\x93\x4b\x4d\xd1\x8e\x21\xf9\xd1\x62\
\xe8\x28\x68\x30\x16\xf9\xd4\x66\xb7\x7d\x2a\xdf\x75\xe3\x5b\x43\
\x67\xc1\xf4\x50\x00\x9a\xdd\x8f\x7b\x1e\x1d\x97\xec\x0b\xce\xd9\
\xd2\xd0\x51\x90\x5d\xd1\xae\x51\x45\x7b\x46\x43\xc7\x40\x83\x48\
\x3b\xe3\xed\x95\xce\xe8\xbc\xe2\x92\xb5\xbf\x0a\x9d\x05\xd3\x47\
\x01\xc8\x88\x5c\xdf\xca\x1e\x93\x7d\x4e\x4c\x03\x50\x23\xbe\xbf\
\xa0\xf8\x01\x16\x07\xb6\x32\xf3\xce\xd2\x39\xb9\x6f\x16\xba\xd6\
\xbe\x22\x74\x16\xcc\x1c\x05\x20\x4b\x36\xac\x78\x54\xe2\xfc\xbf\
\x4a\xe2\x2f\x27\x6a\xc2\xe7\xcb\x8a\x76\x0c\xca\x55\x58\x1c\xd8\
\x6a\xac\x23\xbe\x5f\x1d\xee\xfc\xd1\x65\x3f\xf8\x69\xe8\x2c\xa8\
\x0e\x0a\x40\x06\xe5\x36\x74\x77\xcb\xe9\xb3\x26\x3d\x3a\x74\x16\
\x64\x50\xa9\xa2\x64\x3b\x8b\x03\x5b\x85\xc5\xbe\x62\xb3\x92\x8f\
\xe7\xbb\xd6\xfe\x7d\xe8\x2c\xa8\x2e\x0a\x40\x56\x6d\xee\x99\x97\
\x94\xd2\xf7\xc9\xf4\x06\x49\x3c\x04\x1e\x55\xe5\x52\x53\x7c\xdf\
\x90\xdc\x30\x8b\x03\x33\xcb\x39\x59\x67\xf2\x4b\xeb\x68\x3b\x2f\
\xbf\xe4\xda\x1d\xa1\xe3\xa0\xfa\x28\x00\x19\x97\x6c\xec\x7a\x96\
\xcc\x7d\x41\xd2\x19\xa1\xb3\x20\x7b\xa2\xdd\xa3\x8a\x1e\x64\x71\
\x60\xd6\x58\x12\x15\xd2\xd9\xc9\x1b\x0b\xcb\x6f\xfa\x72\xe8\x2c\
\xa8\x1d\x1f\x3a\x00\x6a\xab\xb4\x60\xcd\xed\xa5\xdc\x31\x0b\xcd\
\xd9\x3b\x24\xf1\x9d\x1a\x55\x55\x39\xa6\x53\xe5\x47\xcf\xe1\x47\
\x89\xac\x70\x52\x3a\xb7\xfd\xba\xd1\x52\x7a\x14\x17\xff\xec\xe3\
\xaf\x6d\x0b\x19\x7f\xa6\x40\xfa\x41\xb1\x48\x10\x55\xe6\x0a\xa5\
\xf1\x4d\x83\xca\xbc\x43\xa0\x59\x59\x47\x7c\xbf\xb5\xb7\x77\xe5\
\x97\x5f\xd7\x17\x3a\x0b\xea\x83\x02\xd0\x82\xe2\x8d\x2b\xcf\x75\
\x66\x9f\x91\xf4\xd4\xd0\x59\x90\x21\xa5\x54\xc9\xbd\x83\x72\x85\
\x72\xe8\x24\x98\x02\xcb\x45\xc5\x74\x56\xdb\x7b\x0b\xcb\x6f\xf8\
\x97\xd0\x59\x50\x5f\x14\x80\x56\xb5\xee\xdc\x38\x69\x3b\xe6\x0d\
\x92\xde\x2b\x69\x5e\xe8\x38\xc8\x06\x16\x07\x36\x0f\x8b\x9c\xa5\
\x9d\xb9\x1b\x0b\xc7\x14\x2f\xe4\xe1\x3d\xad\x89\x02\xd0\xea\x36\
\x2d\x3d\x3e\x49\x93\xf7\x49\x7a\x8d\x78\xb7\x00\xaa\xc1\x4c\xd1\
\xee\xbc\xa2\xdd\x2c\x39\x69\x48\x4e\xb2\xce\xdc\x2f\xcb\xb3\xd3\
\x95\xc5\x0b\x7e\x78\x57\xe8\x38\x08\x87\x02\x00\x49\x52\xae\xaf\
\xfb\xc9\x26\xbd\x4f\x52\x4f\xe8\x2c\xc8\x06\x3f\x38\xa6\x78\xe7\
\x30\x3b\x07\x36\x10\xeb\x88\xf7\xd8\xac\xe8\x75\xf9\x25\x6b\xbf\
\x1b\x3a\x0b\xc2\xa3\x00\xe0\x61\xe2\x8d\xdd\x2f\x70\xd2\xbf\xca\
\xf4\x8c\xd0\x59\xd0\xfc\xdc\x58\x59\xc9\x8e\x41\xa9\xc4\xce\x81\
\x21\x59\x2e\x1a\xb5\x59\xb9\x7f\xca\x2f\xbf\xf1\x13\xa1\xb3\xa0\
\x71\x50\x00\xf0\x48\x57\xf6\x44\xc9\xc9\x95\x57\xc8\xdc\x2a\x49\
\xa7\x86\x8e\x83\x26\xc7\xe2\xc0\x60\x2c\xf1\xe5\xb4\x3d\xf7\xe5\
\xc2\x31\x63\x6f\xd4\xe2\x5b\xf8\x17\x80\x87\xa1\x00\xe0\xd0\x36\
\x5f\x96\x24\xc5\xdd\x97\x3a\x69\x95\x49\x8f\x09\x1d\x07\x4d\xcc\
\x4c\xf1\xce\x11\xf9\xc1\x42\xe8\x24\x2d\xc1\x22\x9f\xa6\x9d\xc9\
\x4d\x85\xa8\xf3\x62\xad\xb8\xba\x3f\x74\x1e\x34\x26\x0a\x00\x8e\
\xec\x8e\x57\xcc\x8a\x87\xf3\x7f\xeb\x9c\xfd\x83\xa4\xf9\xa1\xe3\
\xa0\x79\x45\x7b\x46\x15\x3d\x98\x67\x5d\x40\x8d\x58\xe4\xcc\x3a\
\x72\x3f\x72\xde\x5d\x34\xda\x7d\xd3\x7d\xa1\xf3\xa0\xb1\x51\x00\
\x30\x79\xeb\x97\xce\x89\x5d\xee\xf5\x6e\x7c\x57\xc1\xa3\x42\xc7\
\x41\x73\xf2\x43\x45\xc5\x3b\x87\xa4\x94\x12\x50\x2d\x16\x39\xb3\
\xce\xdc\x6d\xe6\xe2\xbf\x2a\x74\x5f\xbf\x35\x74\x1e\x34\x07\x0a\
\x00\xa6\x6e\xdd\xf2\xf9\xb9\x5c\xfc\x66\x73\x76\xb9\x98\x08\x60\
\x1a\x5c\xa1\xac\xe4\x5e\x16\x07\xce\x94\x45\xce\x6c\x56\xb2\x21\
\xcd\xb5\xbd\x7a\x6c\xc9\xb5\xbf\x0d\x9d\x07\xcd\x85\x02\x80\xe9\
\x5b\xb7\x7c\x7e\xdc\xee\x2f\x77\xe6\xde\x24\xe9\xe8\xd0\x71\xd0\
\x5c\x5c\x25\x1d\xdf\x3e\x38\xcf\xda\xb4\xa9\xb2\xc8\xa7\xd6\x11\
\xaf\x53\xd2\x79\x69\x7e\xf9\xf7\xb6\x85\xce\x83\xe6\x44\x01\xc0\
\xcc\x5d\x7f\x7e\x5b\x32\x7f\xd6\x4b\x25\x7b\xa7\xa4\x27\x85\x8e\
\x83\x26\x62\x52\xbc\x73\x98\xc5\x81\x93\xf4\xd0\xe2\xbe\xb6\xe2\
\x2b\xb5\xe4\x96\x07\x43\xe7\x41\x73\xa3\x00\xa0\x7a\xae\xec\x89\
\x72\x27\x56\x56\x98\x77\x6f\x93\xe9\xac\xd0\x71\xd0\x3c\x1e\xda\
\x39\x90\xc5\x81\x07\x65\xb9\x68\x2c\xed\x88\xff\xab\x70\x54\xf1\
\x6f\xd9\xb6\x17\xd5\x42\x01\x40\x4d\x24\x9b\x7a\x9e\xad\x34\xbd\
\x5c\xd2\xc5\x62\x8b\x61\x4c\x82\x1f\x29\x2a\xba\x77\x58\x2e\x65\
\x5d\xc0\x3e\xd6\x16\x0f\xa6\x1d\xd1\xa7\x0b\xcb\xd7\xbe\x47\x4e\
\xfc\xc1\xa0\xaa\x28\x00\xa8\xa9\xf6\x5b\xbb\xff\xa4\x12\xeb\x72\
\x99\xfe\x5a\x52\x67\xe8\x3c\x68\x6c\xec\x1c\x28\xc9\x39\xa5\x9d\
\xf1\x1f\xd4\x16\xff\x5d\x7e\xd9\x8d\x6b\x42\xc7\x41\x76\x51\x00\
\x50\x1f\x9b\x2f\x3a\x36\x2e\x16\x5f\xef\xa4\x37\x48\x7a\x54\xe8\
\x38\x68\x5c\xae\x92\x2a\xda\x31\x28\xdf\x62\x8b\x03\x2d\xf2\xa9\
\xb5\x27\xeb\x2b\xb1\xde\x50\xec\x5a\xfb\x8b\xd0\x79\x90\x7d\x14\
\x00\xd4\xd7\x9d\x3d\xb9\xdc\x80\x2d\x33\xd9\x65\x92\x9e\x2f\xfe\
\x1b\xc4\xc1\x98\x29\xbe\x7f\x44\x7e\x20\xfb\x8b\x03\x2d\x17\x8d\
\xa6\x9d\xb9\x6f\x14\xe2\xe4\x2d\x5a\xf2\x7d\x1e\xa1\x88\xba\xe1\
\x9b\x2f\x82\x69\xbb\x6d\xc5\x13\x2d\xf5\xaf\xb6\xf1\xdb\x03\xc7\
\x84\xce\x83\xc6\x13\xed\xcd\x2b\x7a\x60\x24\x74\x8c\xaa\xb3\xc8\
\x99\xda\x93\x5f\x29\x89\xdf\x39\xba\xe2\x86\xab\x43\xe7\x41\x6b\
\xa2\x00\x20\xbc\xcd\x4b\x3a\x93\x52\x72\xa1\xcc\x5d\x2a\xe9\xb9\
\xe2\xbf\x4b\xec\x27\x4b\x8b\x03\xad\x3d\x1e\x4c\xdb\x93\xff\x2a\
\xa8\xfd\x1d\xec\xd1\x8f\xd0\xf8\x46\x8b\x86\xd2\xf1\xe3\x65\x27\
\x97\x4a\xc9\xc5\xce\xd9\xeb\x24\x3d\x2e\x74\x1e\x34\x06\x57\xac\
\x8c\x6f\x1a\x54\xac\x84\x8e\x32\x65\x16\xfb\x8a\x75\x24\xff\xeb\
\x13\xbd\x7b\x64\xd9\xda\x9b\x43\xe7\x01\xf6\xa1\x00\xa0\x31\xd9\
\x2a\x1f\x6f\xfc\xf9\x79\xce\xec\x15\x72\x6e\x99\xa4\xd9\xa1\x23\
\x21\x2c\x57\x49\x15\xdd\x3b\x24\x3f\x5a\x0a\x1d\xe5\xc8\x9c\x53\
\xda\x1e\x6d\xb1\x24\xfe\x52\xe1\xd4\x53\x3f\xaa\x33\xbe\xd8\x04\
\xa1\xd1\x6a\x28\x00\x68\x7c\x9b\x97\x74\xe6\x8a\xb9\x65\xa9\x74\
\x91\x93\x5e\x28\x29\x17\x3a\x12\x02\x69\xe4\xc5\x81\xce\xc9\xda\
\xa2\x07\xd2\xf6\xe4\xea\xc8\xe7\xde\x3d\xb2\xec\x9a\xfb\x43\x47\
\x02\x0e\x87\x02\x80\xe6\x72\xdb\x8a\x63\x92\x4a\xb4\x52\xb2\x1e\
\x49\xe7\x8a\x4d\x86\x5a\x92\x1f\x28\x28\xbe\x7f\xa4\x21\x76\x0e\
\xb4\xb6\x68\xaf\x25\xd1\x8d\xa9\x6b\x7b\xcf\xd8\x4a\x1e\xc8\x83\
\xe6\x41\x01\x40\xf3\xda\x7c\xd1\xb1\x49\xa9\xb4\xdc\x99\x75\xd9\
\xf8\x5b\x0a\x99\x0c\xb4\x10\x3f\x5a\x54\xb4\x63\x48\xae\xde\x8f\
\x15\x1e\xff\x49\x7f\x77\xda\x16\x5d\x6b\x2e\x7a\xff\xd8\x8a\x1b\
\x7e\x5f\xdf\x00\x40\x75\x50\x00\x90\x0d\xeb\x96\xcf\x4f\x72\x7e\
\x89\x39\xbf\xd4\xc9\xfe\x52\xd2\xdc\xd0\x91\x50\x7b\xf5\x5a\x1c\
\x68\xde\x99\xb5\xc7\xdb\x94\xf3\xd7\x2a\x6e\xfb\x70\x7e\xc9\xf7\
\xef\xa9\xe9\x09\x81\x3a\xa0\x00\x20\x7b\xae\xec\x89\xe2\x53\xb4\
\xc0\x5b\xfa\x12\x33\x2d\x95\xf4\x94\xd0\x91\x50\x3b\x2e\x9d\x58\
\x1c\x38\x52\xe5\x75\x76\xb1\x2f\x5b\x5b\xfc\xdb\x34\x71\xab\x0b\
\xf3\x8b\x1f\xe6\x21\x3c\xc8\x1a\x0a\x00\x32\x2f\xd7\xd7\xfd\x64\
\x93\xbd\xc8\x39\x77\x9e\x99\x9e\x27\x69\x56\xe8\x4c\xa8\x32\x93\
\xa2\x5d\xc3\x8a\xf6\x4e\x7f\x71\xa0\x45\xce\x94\x8b\xef\xb7\x9c\
\x5f\xef\xbc\xff\xea\xe8\xf2\x1b\xaf\xaf\x62\x42\xa0\xe1\x50\x00\
\xd0\x5a\xee\xec\xc9\xc5\x83\xb6\xd0\xa7\xe9\x79\xe6\xdc\x5f\x4a\
\x7a\xa6\x58\x48\x98\x19\x53\x5d\x1c\x68\x6d\xd1\xb0\xe5\xe2\x3b\
\xe4\xa2\xef\xe6\x73\x0f\x7c\x51\x4b\x7e\xc2\x56\xbc\x68\x19\x14\
\x00\xb4\xb6\xcd\x3d\xf3\xa2\xa2\x3d\x37\x92\x9d\x63\xd2\x39\x92\
\x9e\x2d\x29\x0e\x1d\x0b\xd3\xe7\xf3\x25\x45\x3b\x06\xe5\x2a\x07\
\x94\x00\x27\x59\x2e\x1e\xb4\xd8\xdf\x65\x49\x74\x93\x8b\xe3\x2f\
\xe5\x97\x5c\xbb\x23\x4c\x4a\x20\x3c\x0a\x00\xb0\xbf\x75\x3d\xb3\
\xe3\x9c\x2d\xf4\xce\x16\x49\x3a\xcb\xa4\x33\x25\xcd\x0b\x1d\x0b\
\x53\xe3\x4a\xa9\xe2\x7b\x07\x2b\x92\xdb\x93\xe6\xfc\x1d\x3e\x72\
\x57\x8f\x5a\xc7\x37\xd9\x7e\x17\xf8\x23\x0a\x00\x70\x38\xb6\xca\
\xe7\x6e\xbb\xf3\xc9\x56\xb1\x33\xe5\xec\x2c\x49\xcf\x91\x74\xba\
\xa4\x24\x70\x32\x3c\x5c\x41\x4e\xff\x27\xd3\x66\x39\x6d\x76\x15\
\x6d\x2e\x2e\x7a\xda\x2f\xe5\x56\x35\xff\x03\x04\x80\x1a\xa1\x00\
\x00\x53\x75\x67\x4f\x2e\x19\xd2\xd3\x94\x56\xfe\x4c\x72\xcf\xd4\
\xf8\x3a\x82\xa7\x8b\xed\x8a\xeb\x65\xaf\xa4\x9f\xcb\xd9\x2f\x24\
\xff\x53\xa5\x6e\x73\xa9\xb8\xeb\x17\x5a\x7c\x4b\x39\x74\x30\xa0\
\x99\x50\x00\x80\x6a\xb0\x55\xbe\x7d\xfd\xcf\x1f\x5b\x8a\xdc\x69\
\xce\xa5\xa7\x39\x73\xa7\x69\x7c\x52\xf0\x64\x51\x0c\xa6\x6b\x40\
\xd2\x6f\x24\xfd\xca\x9c\xfd\x42\x66\x3f\x4b\xbc\xfb\x45\xfe\xac\
\x35\xdb\x43\x07\x03\xb2\x80\x02\x00\xd4\x92\xc9\x75\xfc\xef\xb2\
\x93\x4a\xc5\xe8\x09\x2e\xf2\x8f\x77\xb2\x27\xa4\xd2\x13\x9c\xe9\
\xf1\x92\x1e\x2f\x69\x4e\xe8\x88\x81\xed\x96\xb4\xd5\xa4\x2d\xde\
\xe9\xb7\x66\xfa\x8d\x79\xff\x9b\x72\xa5\xfc\x1b\x2d\xba\xea\x81\
\xd0\xe1\x80\x2c\xa3\x00\x00\x21\xdd\x7a\xf1\x51\xb9\xa8\x74\x52\
\x45\x76\xaa\x77\x76\xb2\x4b\xed\x24\x73\xee\x64\x49\x27\x48\x3a\
\x5e\x72\xc7\x49\x76\x9c\x24\x1f\x38\xe9\x54\xa5\x4e\x7a\xc0\xa4\
\x07\x9c\xb4\x63\xe2\xff\xef\x33\xa7\x7b\xd2\xd4\xee\x89\xcc\x6d\
\x29\x96\xfc\x56\x2d\xee\x65\x73\x1d\x20\x10\x0a\x00\xd0\xe8\xae\
\xec\x89\xf4\x58\x1d\x97\x2b\xeb\xb8\xd4\xca\xc7\x79\xb9\xa3\xcd\
\xfb\xf9\x66\x9a\xef\xcd\xe6\x9b\xd3\x7c\x99\xcd\x37\xe7\x3b\x9d\
\x6c\x8e\xcc\xda\xe5\x5c\x87\xc6\x37\x3c\xca\x69\xfc\x5d\x0c\xfb\
\x17\x88\x76\x49\x1d\x07\x9c\x25\x2f\xe9\xc0\x5d\x74\xfa\x65\x2a\
\xc9\x69\x48\xd2\xa8\xa4\x31\x73\x1a\x70\xa6\xa2\x9c\xed\x75\xa9\
\xdb\x9b\xca\xf6\x3a\xe7\xf6\x3a\xd9\xde\xd4\xf9\xbd\xae\x88\xa3\
\xdd\x4f\x00\x00\x00\x1e\x49\x44\x41\x54\x5c\xd9\x5b\x32\xf7\x80\
\xfe\xff\xbd\x60\x7e\xc5\x10\xb6\x9a\xb6\xe7\xf3\x8e\x82\x51\x30\
\x0a\x28\x02\x00\xd2\x57\x74\x17\x60\xdc\x27\x2f\x00\x00\x00\x00\
\x49\x45\x4e\x44\xae\x42\x60\x82\
"

qt_resource_name = b"\
\x00\x07\
\x0d\xc3\xa6\x05\
\x00\x47\
\x00\x65\x00\x6f\x00\x46\x00\x41\x00\x53\x00\x55\
\x00\x04\
\x00\x07\x37\xfe\
\x00\x6d\
\x00\x61\x00\x69\x00\x6e\
\x00\x09\
\x05\xcc\x4e\x02\
\x00\x63\
\x00\x6f\x00\x6e\x00\x76\x00\x65\x00\x72\x00\x74\x00\x65\x00\x72\
\x00\x06\
\x07\x35\x7a\xc2\
\x00\x6c\
\x00\x6f\x00\x61\x00\x64\x00\x65\x00\x72\
"

qt_resource_struct_v1 = b"\
\x00\x00\x00\x00\x00\x02\x00\x00\x00\x01\x00\x00\x00\x01\
\x00\x00\x00\x00\x00\x02\x00\x00\x00\x03\x00\x00\x00\x02\
\x00\x00\x00\x14\x00\x00\x00\x00\x00\x01\x00\x00\x00\x00\
\x00\x00\x00\x22\x00\x00\x00\x00\x00\x01\x00\x00\x07\x41\
\x00\x00\x00\x3a\x00\x00\x00\x00\x00\x01\x00\x00\x6d\x42\
"

qt_resource_struct_v2 = b"\
\x00\x00\x00\x00\x00\x02\x00\x00\x00\x01\x00\x00\x00\x01\
\x00\x00\x00\x00\x00\x00\x00\x00\
\x00\x00\x00\x00\x00\x02\x00\x00\x00\x03\x00\x00\x00\x02\
\x00\x00\x00\x00\x00\x00\x00\x00\
\x00\x00\x00\x14\x00\x00\x00\x00\x00\x01\x00\x00\x00\x00\
\x00\x00\x01\x98\xc1\xe7\x1d\x66\
\x00\x00\x00\x22\x00\x00\x00\x00\x00\x01\x00\x00\x07\x41\
\x00\x00\x01\x98\xc1\xd5\xe2\xf4\
\x00\x00\x00\x3a\x00\x00\x00\x00\x00\x01\x00\x00\x6d\x42\
\x00\x00\x01\x98\xc1\xd5\xaa\xa6\
"

qt_version = [int(v) for v in QtCore.qVersion().split('.')]
if qt_version < [5, 8, 0]:
    rcc_version = 1
    qt_resource_struct = qt_resource_struct_v1
else:
    rcc_version = 2
    qt_resource_struct = qt_resource_struct_v2

def qInitResources():
    QtCore.qRegisterResourceData(rcc_version, qt_resource_struct, qt_resource_name, qt_resource_data)

def qCleanupResources():
    QtCore.qUnregisterResourceData(rcc_version, qt_resource_struct, qt_resource_name, qt_resource_data)

qInitResources()
